INSERT INTO estaciones (codigo, nombre, direccion, estado, date_created, date_updated) VALUES ('M01', 'Teran', 'Chorrillos', 1, CURRENT_TIMESTAMP, CURRENT_TIMESTAMP);
INSERT INTO estaciones (codigo, nombre, direccion, estado, date_created, date_updated) VALUES ('M02', 'Benavides', 'MIRAFLORES', 1, CURRENT_TIMESTAMP, CURRENT_TIMESTAMP);
INSERT INTO estaciones (codigo, nombre, direccion, estado, date_created, date_updated) VALUES ('M03', 'Javier Prado', 'SAN ISIDRO', 1, CURRENT_TIMESTAMP, CURRENT_TIMESTAMP);
INSERT INTO estaciones (codigo, nombre, direccion, estado, date_created, date_updated) VALUES ('M04', 'Estadio Nacional', 'VICTORIA', 1, CURRENT_TIMESTAMP, CURRENT_TIMESTAMP);
INSERT INTO estaciones (codigo, nombre, direccion, estado, date_created, date_updated) VALUES ('M05', 'Canada', 'Centro de lima', 1, CURRENT_TIMESTAMP, CURRENT_TIMESTAMP);
INSERT INTO estaciones (codigo, nombre, direccion, estado, date_created, date_updated) VALUES ('M06', 'España', 'La victoria', 1, CURRENT_TIMESTAMP, CURRENT_TIMESTAMP);

INSERT INTO rutas(codigo_rut,nombre,rut_desc,initial_hour,final_hour) VALUES('B','Regular','servicio regular','20-10-2024 08:00:00','20-10-2024 23:00:00');
INSERT INTO rutas(codigo_rut,nombre,rut_desc,initial_hour,final_hour) VALUES('EXP1','Expreso1','servicio expreso','20-10-2024 10:00:00','20-10-2024 20:00:00');

INSERT INTO buses(codigo_bus,capacidad,estado) VALUES('BUS01',40,0);
INSERT INTO buses(codigo_bus,capacidad,estado) VALUES('BUS02',40,0);
INSERT INTO buses(codigo_bus,capacidad,estado) VALUES('BUS03',40,0);
INSERT INTO buses(codigo_bus,capacidad,estado) VALUES('BUS04',40,0);
INSERT INTO buses(codigo_bus,capacidad,estado) VALUES('BUS05',40,0);
INSERT INTO buses(codigo_bus,capacidad,estado) VALUES('BUS06',40,0);
INSERT INTO buses(codigo_bus,capacidad,estado) VALUES('BUS07',40,0);
INSERT INTO buses(codigo_bus,capacidad,estado) VALUES('BUS08',40,0);
INSERT INTO buses(codigo_bus,capacidad,estado) VALUES('BUS09',40,0);
INSERT INTO buses(codigo_bus,capacidad,estado) VALUES('BUS10',40,0);
INSERT INTO buses(codigo_bus,capacidad,estado) VALUES('BUS11',40,0);
INSERT INTO buses(codigo_bus,capacidad,estado) VALUES('BUS12',40,0);
INSERT INTO buses(codigo_bus,capacidad,estado) VALUES('BUS13',40,0);
INSERT INTO buses(codigo_bus,capacidad,estado) VALUES('BUS14',40,0);
INSERT INTO buses(codigo_bus,capacidad,estado) VALUES('BUS15',40,0);
INSERT INTO buses(codigo_bus,capacidad,estado) VALUES('BUS16',40,0);
INSERT INTO buses(codigo_bus,capacidad,estado) VALUES('BUS17',40,0);
INSERT INTO buses(codigo_bus,capacidad,estado) VALUES('BUS18',40,0);
INSERT INTO buses(codigo_bus,capacidad,estado) VALUES('BUS19',40,0);
INSERT INTO buses(codigo_bus,capacidad,estado) VALUES('BUS20',40,0);
INSERT INTO buses(codigo_bus,capacidad,estado) VALUES('BUS21',40,0);
INSERT INTO buses(codigo_bus,capacidad,estado) VALUES('BUS22',40,0);
INSERT INTO buses(codigo_bus,capacidad,estado) VALUES('BUS23',40,0);
INSERT INTO buses(codigo_bus,capacidad,estado) VALUES('BUS24',40,0);
INSERT INTO buses(codigo_bus,capacidad,estado) VALUES('BUS25',40,0);
INSERT INTO buses(codigo_bus,capacidad,estado) VALUES('BUS26',40,0);
INSERT INTO buses(codigo_bus,capacidad,estado) VALUES('BUS27',40,0);
INSERT INTO buses(codigo_bus,capacidad,estado) VALUES('BUS28',40,0);
INSERT INTO buses(codigo_bus,capacidad,estado) VALUES('BUS29',40,0);
INSERT INTO buses(codigo_bus,capacidad,estado) VALUES('BUS30',40,0);
INSERT INTO buses(codigo_bus,capacidad,estado) VALUES('BUS31',40,0);
INSERT INTO buses(codigo_bus,capacidad,estado) VALUES('BUS32',40,0);
INSERT INTO buses(codigo_bus,capacidad,estado) VALUES('BUS33',40,0);
INSERT INTO buses(codigo_bus,capacidad,estado) VALUES('BUS34',40,0);
INSERT INTO buses(codigo_bus,capacidad,estado) VALUES('BUS35',40,0);
INSERT INTO buses(codigo_bus,capacidad,estado) VALUES('BUS36',40,0);
INSERT INTO buses(codigo_bus,capacidad,estado) VALUES('BUS37',40,0);
INSERT INTO buses(codigo_bus,capacidad,estado) VALUES('BUS38',40,0);
INSERT INTO buses(codigo_bus,capacidad,estado) VALUES('BUS39',40,0);
INSERT INTO buses(codigo_bus,capacidad,estado) VALUES('BUS40',40,0);
INSERT INTO buses(codigo_bus,capacidad,estado) VALUES('BUS41',40,0);
INSERT INTO buses(codigo_bus,capacidad,estado) VALUES('BUS42',40,0);
INSERT INTO buses(codigo_bus,capacidad,estado) VALUES('BUS43',40,0);
INSERT INTO buses(codigo_bus,capacidad,estado) VALUES('BUS44',40,0);
INSERT INTO buses(codigo_bus,capacidad,estado) VALUES('BUS45',40,0);
INSERT INTO buses(codigo_bus,capacidad,estado) VALUES('BUS46',40,0);
INSERT INTO buses(codigo_bus,capacidad,estado) VALUES('BUS47',40,0);
INSERT INTO buses(codigo_bus,capacidad,estado) VALUES('BUS48',40,0);
INSERT INTO buses(codigo_bus,capacidad,estado) VALUES('BUS49',40,0);
INSERT INTO buses(codigo_bus,capacidad,estado) VALUES('BUS50',40,0);
INSERT INTO buses(codigo_bus,capacidad,estado) VALUES('BUS51',40,0);
INSERT INTO buses(codigo_bus,capacidad,estado) VALUES('BUS52',40,0);
INSERT INTO buses(codigo_bus,capacidad,estado) VALUES('BUS53',40,0);
INSERT INTO buses(codigo_bus,capacidad,estado) VALUES('BUS54',40,0);
INSERT INTO buses(codigo_bus,capacidad,estado) VALUES('BUS55',40,0);
INSERT INTO buses(codigo_bus,capacidad,estado) VALUES('BUS56',40,0);
INSERT INTO buses(codigo_bus,capacidad,estado) VALUES('BUS57',40,0);
INSERT INTO buses(codigo_bus,capacidad,estado) VALUES('BUS58',40,0);
INSERT INTO buses(codigo_bus,capacidad,estado) VALUES('BUS59',40,0);
INSERT INTO buses(codigo_bus,capacidad,estado) VALUES('BUS60',40,0);
INSERT INTO buses(codigo_bus,capacidad,estado) VALUES('BUS61',40,0);
INSERT INTO buses(codigo_bus,capacidad,estado) VALUES('BUS62',40,0);
INSERT INTO buses(codigo_bus,capacidad,estado) VALUES('BUS63',40,0);
INSERT INTO buses(codigo_bus,capacidad,estado) VALUES('BUS64',40,0);
INSERT INTO buses(codigo_bus,capacidad,estado) VALUES('BUS65',40,0);
INSERT INTO buses(codigo_bus,capacidad,estado) VALUES('BUS66',40,0);
INSERT INTO buses(codigo_bus,capacidad,estado) VALUES('BUS67',40,0);
INSERT INTO buses(codigo_bus,capacidad,estado) VALUES('BUS68',40,0);
INSERT INTO buses(codigo_bus,capacidad,estado) VALUES('BUS69',40,0);
INSERT INTO buses(codigo_bus,capacidad,estado) VALUES('BUS70',40,0);
INSERT INTO buses(codigo_bus,capacidad,estado) VALUES('BUS71',40,0);
INSERT INTO buses(codigo_bus,capacidad,estado) VALUES('BUS72',40,0);
INSERT INTO buses(codigo_bus,capacidad,estado) VALUES('BUS73',40,0);
INSERT INTO buses(codigo_bus,capacidad,estado) VALUES('BUS74',40,0);
INSERT INTO buses(codigo_bus,capacidad,estado) VALUES('BUS75',40,0);
INSERT INTO buses(codigo_bus,capacidad,estado) VALUES('BUS76',40,0);
INSERT INTO buses(codigo_bus,capacidad,estado) VALUES('BUS77',40,0);
INSERT INTO buses(codigo_bus,capacidad,estado) VALUES('BUS78',40,0);
INSERT INTO buses(codigo_bus,capacidad,estado) VALUES('BUS79',40,0);
INSERT INTO buses(codigo_bus,capacidad,estado) VALUES('BUS80',40,0);
INSERT INTO buses(codigo_bus,capacidad,estado) VALUES('BUS81',40,0);
INSERT INTO buses(codigo_bus,capacidad,estado) VALUES('BUS82',40,0);
INSERT INTO buses(codigo_bus,capacidad,estado) VALUES('BUS83',40,0);
INSERT INTO buses(codigo_bus,capacidad,estado) VALUES('BUS84',40,0);
INSERT INTO buses(codigo_bus,capacidad,estado) VALUES('BUS85',40,0);
INSERT INTO buses(codigo_bus,capacidad,estado) VALUES('BUS86',40,0);
INSERT INTO buses(codigo_bus,capacidad,estado) VALUES('BUS87',40,0);
INSERT INTO buses(codigo_bus,capacidad,estado) VALUES('BUS88',40,0);
INSERT INTO buses(codigo_bus,capacidad,estado) VALUES('BUS89',40,0);
INSERT INTO buses(codigo_bus,capacidad,estado) VALUES('BUS90',40,0);
INSERT INTO buses(codigo_bus,capacidad,estado) VALUES('BUS91',40,0);
INSERT INTO buses(codigo_bus,capacidad,estado) VALUES('BUS92',40,0);
INSERT INTO buses(codigo_bus,capacidad,estado) VALUES('BUS93',40,0);
INSERT INTO buses(codigo_bus,capacidad,estado) VALUES('BUS94',40,0);
INSERT INTO buses(codigo_bus,capacidad,estado) VALUES('BUS95',40,0);
INSERT INTO buses(codigo_bus,capacidad,estado) VALUES('BUS96',40,0);
INSERT INTO buses(codigo_bus,capacidad,estado) VALUES('BUS97',40,0);
INSERT INTO buses(codigo_bus,capacidad,estado) VALUES('BUS98',40,0);
INSERT INTO buses(codigo_bus,capacidad,estado) VALUES('BUS99',40,0);
INSERT INTO buses(codigo_bus,capacidad,estado) VALUES('BUS100',40,0);
INSERT INTO buses(codigo_bus,capacidad,estado) VALUES('BUS101',40,0);
INSERT INTO buses(codigo_bus,capacidad,estado) VALUES('BUS102',40,0);
INSERT INTO buses(codigo_bus,capacidad,estado) VALUES('BUS103',40,0);
INSERT INTO buses(codigo_bus,capacidad,estado) VALUES('BUS104',40,0);
INSERT INTO buses(codigo_bus,capacidad,estado) VALUES('BUS105',40,0);
INSERT INTO buses(codigo_bus,capacidad,estado) VALUES('BUS106',40,0);
INSERT INTO buses(codigo_bus,capacidad,estado) VALUES('BUS107',40,0);
INSERT INTO buses(codigo_bus,capacidad,estado) VALUES('BUS108',40,0);
INSERT INTO buses(codigo_bus,capacidad,estado) VALUES('BUS109',40,0);
INSERT INTO buses(codigo_bus,capacidad,estado) VALUES('BUS110',40,0);
INSERT INTO buses(codigo_bus,capacidad,estado) VALUES('BUS111',40,0);
INSERT INTO buses(codigo_bus,capacidad,estado) VALUES('BUS112',40,0);
INSERT INTO buses(codigo_bus,capacidad,estado) VALUES('BUS113',40,0);
INSERT INTO buses(codigo_bus,capacidad,estado) VALUES('BUS114',40,0);
INSERT INTO buses(codigo_bus,capacidad,estado) VALUES('BUS115',40,0);
INSERT INTO buses(codigo_bus,capacidad,estado) VALUES('BUS116',40,0);
INSERT INTO buses(codigo_bus,capacidad,estado) VALUES('BUS117',40,0);
INSERT INTO buses(codigo_bus,capacidad,estado) VALUES('BUS118',40,0);
INSERT INTO buses(codigo_bus,capacidad,estado) VALUES('BUS119',40,0);
INSERT INTO buses(codigo_bus,capacidad,estado) VALUES('BUS120',40,0);
INSERT INTO buses(codigo_bus,capacidad,estado) VALUES('BUS121',40,0);
INSERT INTO buses(codigo_bus,capacidad,estado) VALUES('BUS122',40,0);
INSERT INTO buses(codigo_bus,capacidad,estado) VALUES('BUS123',40,0);
INSERT INTO buses(codigo_bus,capacidad,estado) VALUES('BUS124',40,0);
INSERT INTO buses(codigo_bus,capacidad,estado) VALUES('BUS125',40,0);
INSERT INTO buses(codigo_bus,capacidad,estado) VALUES('BUS126',40,0);
INSERT INTO buses(codigo_bus,capacidad,estado) VALUES('BUS127',40,0);
INSERT INTO buses(codigo_bus,capacidad,estado) VALUES('BUS128',40,0);
INSERT INTO buses(codigo_bus,capacidad,estado) VALUES('BUS129',40,0);
INSERT INTO buses(codigo_bus,capacidad,estado) VALUES('BUS130',40,0);
INSERT INTO buses(codigo_bus,capacidad,estado) VALUES('BUS131',40,0);
INSERT INTO buses(codigo_bus,capacidad,estado) VALUES('BUS132',40,0);
INSERT INTO buses(codigo_bus,capacidad,estado) VALUES('BUS133',40,0);
INSERT INTO buses(codigo_bus,capacidad,estado) VALUES('BUS134',40,0);
INSERT INTO buses(codigo_bus,capacidad,estado) VALUES('BUS135',40,0);
INSERT INTO buses(codigo_bus,capacidad,estado) VALUES('BUS136',40,0);
INSERT INTO buses(codigo_bus,capacidad,estado) VALUES('BUS137',40,0);
INSERT INTO buses(codigo_bus,capacidad,estado) VALUES('BUS138',40,0);
INSERT INTO buses(codigo_bus,capacidad,estado) VALUES('BUS139',40,0);
INSERT INTO buses(codigo_bus,capacidad,estado) VALUES('BUS140',40,0);
INSERT INTO buses(codigo_bus,capacidad,estado) VALUES('BUS141',40,0);
INSERT INTO buses(codigo_bus,capacidad,estado) VALUES('BUS142',40,0);
INSERT INTO buses(codigo_bus,capacidad,estado) VALUES('BUS143',40,0);
INSERT INTO buses(codigo_bus,capacidad,estado) VALUES('BUS144',40,0);
INSERT INTO buses(codigo_bus,capacidad,estado) VALUES('BUS145',40,0);
INSERT INTO buses(codigo_bus,capacidad,estado) VALUES('BUS146',40,0);
INSERT INTO buses(codigo_bus,capacidad,estado) VALUES('BUS147',40,0);
INSERT INTO buses(codigo_bus,capacidad,estado) VALUES('BUS148',40,0);
INSERT INTO buses(codigo_bus,capacidad,estado) VALUES('BUS149',40,0);
INSERT INTO buses(codigo_bus,capacidad,estado) VALUES('BUS150',40,0);
INSERT INTO buses(codigo_bus,capacidad,estado) VALUES('BUS151',40,0);
INSERT INTO buses(codigo_bus,capacidad,estado) VALUES('BUS152',40,0);
INSERT INTO buses(codigo_bus,capacidad,estado) VALUES('BUS153',40,0);
INSERT INTO buses(codigo_bus,capacidad,estado) VALUES('BUS154',40,0);
INSERT INTO buses(codigo_bus,capacidad,estado) VALUES('BUS155',40,0);
INSERT INTO buses(codigo_bus,capacidad,estado) VALUES('BUS156',40,0);
INSERT INTO buses(codigo_bus,capacidad,estado) VALUES('BUS157',40,0);
INSERT INTO buses(codigo_bus,capacidad,estado) VALUES('BUS158',40,0);
INSERT INTO buses(codigo_bus,capacidad,estado) VALUES('BUS159',40,0);
INSERT INTO buses(codigo_bus,capacidad,estado) VALUES('BUS160',40,0);
INSERT INTO buses(codigo_bus,capacidad,estado) VALUES('BUS161',40,0);
INSERT INTO buses(codigo_bus,capacidad,estado) VALUES('BUS162',40,0);
INSERT INTO buses(codigo_bus,capacidad,estado) VALUES('BUS163',40,0);
INSERT INTO buses(codigo_bus,capacidad,estado) VALUES('BUS164',40,0);
INSERT INTO buses(codigo_bus,capacidad,estado) VALUES('BUS165',40,0);
INSERT INTO buses(codigo_bus,capacidad,estado) VALUES('BUS166',40,0);
INSERT INTO buses(codigo_bus,capacidad,estado) VALUES('BUS167',40,0);
INSERT INTO buses(codigo_bus,capacidad,estado) VALUES('BUS168',40,0);
INSERT INTO buses(codigo_bus,capacidad,estado) VALUES('BUS169',40,0);
INSERT INTO buses(codigo_bus,capacidad,estado) VALUES('BUS170',40,0);
INSERT INTO buses(codigo_bus,capacidad,estado) VALUES('BUS171',40,0);
INSERT INTO buses(codigo_bus,capacidad,estado) VALUES('BUS172',40,0);
INSERT INTO buses(codigo_bus,capacidad,estado) VALUES('BUS173',40,0);
INSERT INTO buses(codigo_bus,capacidad,estado) VALUES('BUS174',40,0);
INSERT INTO buses(codigo_bus,capacidad,estado) VALUES('BUS175',40,0);
INSERT INTO buses(codigo_bus,capacidad,estado) VALUES('BUS176',40,0);
INSERT INTO buses(codigo_bus,capacidad,estado) VALUES('BUS177',40,0);
INSERT INTO buses(codigo_bus,capacidad,estado) VALUES('BUS178',40,0);
INSERT INTO buses(codigo_bus,capacidad,estado) VALUES('BUS179',40,0);
INSERT INTO buses(codigo_bus,capacidad,estado) VALUES('BUS180',40,0);
INSERT INTO buses(codigo_bus,capacidad,estado) VALUES('BUS181',40,0);
INSERT INTO buses(codigo_bus,capacidad,estado) VALUES('BUS182',40,1);
INSERT INTO buses(codigo_bus,capacidad,estado) VALUES('BUS183',40,1);
INSERT INTO buses(codigo_bus,capacidad,estado) VALUES('BUS184',40,1);
INSERT INTO buses(codigo_bus,capacidad,estado) VALUES('BUS185',40,1);
INSERT INTO buses(codigo_bus,capacidad,estado) VALUES('BUS186',40,1);
INSERT INTO buses(codigo_bus,capacidad,estado) VALUES('BUS187',40,1);
INSERT INTO buses(codigo_bus,capacidad,estado) VALUES('BUS188',40,1);
INSERT INTO buses(codigo_bus,capacidad,estado) VALUES('BUS189',40,1);
INSERT INTO buses(codigo_bus,capacidad,estado) VALUES('BUS190',40,1);
INSERT INTO buses(codigo_bus,capacidad,estado) VALUES('BUS191',40,1);
INSERT INTO buses(codigo_bus,capacidad,estado) VALUES('BUS192',40,1);
INSERT INTO buses(codigo_bus,capacidad,estado) VALUES('BUS193',40,1);
INSERT INTO buses(codigo_bus,capacidad,estado) VALUES('BUS194',40,1);
INSERT INTO buses(codigo_bus,capacidad,estado) VALUES('BUS195',40,1);
INSERT INTO buses(codigo_bus,capacidad,estado) VALUES('BUS196',40,1);
INSERT INTO buses(codigo_bus,capacidad,estado) VALUES('BUS197',40,1);
INSERT INTO buses(codigo_bus,capacidad,estado) VALUES('BUS198',40,1);
INSERT INTO buses(codigo_bus,capacidad,estado) VALUES('BUS199',40,1);
INSERT INTO buses(codigo_bus,capacidad,estado) VALUES('BUS200',40,1);

INSERT INTO estaciones_rutas(id,estacion,ruta,numero_pasajeros) VALUES(2,'M01','B',8);
INSERT INTO estaciones_rutas(id,estacion,ruta,numero_pasajeros) VALUES(5,'M02','B',12);
INSERT INTO estaciones_rutas(id,estacion,ruta,numero_pasajeros) VALUES(6,'M03','EXP1',60);
INSERT INTO estaciones_rutas(id,estacion,ruta,numero_pasajeros) VALUES(13,'M03','B',50);
INSERT INTO estaciones_rutas(id,estacion,ruta,numero_pasajeros) VALUES(20,'M05','EXP1',12);
INSERT INTO estaciones_rutas(id,estacion,ruta,numero_pasajeros) VALUES(21,'M05','B',10);

INSERT INTO demanda_estaciones(id_estacion_por_ruta, numero_pasajeros, hora, dia, clima, evento_especial) VALUES(2, 7, '20-10-2024 18:30:00', 'Lunes', 'Nublado', 'ninguno');
INSERT INTO demanda_estaciones(id_estacion_por_ruta, numero_pasajeros, hora, dia, clima, evento_especial) VALUES(5, 7, '20-10-2024 18:30:00', 'Lunes', 'Nublado', 'ninguno');
INSERT INTO demanda_estaciones(id_estacion_por_ruta, numero_pasajeros, hora, dia, clima, evento_especial) VALUES(13, 10, '20-10-2024 18:30:00', 'Lunes', 'Nublado', 'ninguno');
INSERT INTO demanda_estaciones(id_estacion_por_ruta, numero_pasajeros, hora, dia, clima, evento_especial) VALUES(6, 40, '20-10-2024 18:30:00', 'Lunes', 'Nublado', 'ninguno');
INSERT INTO demanda_estaciones(id_estacion_por_ruta, numero_pasajeros, hora, dia, clima, evento_especial) VALUES(21, 10, '20-10-2024 18:30:00', 'Lunes', 'Nublado', 'ninguno');
INSERT INTO demanda_estaciones(id_estacion_por_ruta, numero_pasajeros, hora, dia, clima, evento_especial) VALUES(20, 9, '20-10-2024 18:30:00', 'Lunes', 'Nublado', 'ninguno');
INSERT INTO demanda_estaciones(id_estacion_por_ruta, numero_pasajeros, hora, dia, clima, evento_especial) VALUES(2, 8, '20-10-2024 18:50:00', 'Lunes', 'Nublado', 'ninguno');
INSERT INTO demanda_estaciones(id_estacion_por_ruta, numero_pasajeros, hora, dia, clima, evento_especial) VALUES(5, 9, '20-10-2024 18:50:00', 'Lunes', 'Nublado', 'ninguno');
INSERT INTO demanda_estaciones(id_estacion_por_ruta, numero_pasajeros, hora, dia, clima, evento_especial) VALUES(13, 12, '20-10-2024 18:50:00', 'Lunes', 'Nublado', 'ninguno');
INSERT INTO demanda_estaciones(id_estacion_por_ruta, numero_pasajeros, hora, dia, clima, evento_especial) VALUES(6, 55, '20-10-2024 18:50:00', 'Lunes', 'Nublado', 'ninguno');
INSERT INTO demanda_estaciones(id_estacion_por_ruta, numero_pasajeros, hora, dia, clima, evento_especial) VALUES(21, 12, '20-10-2024 18:50:00', 'Lunes', 'Nublado', 'ninguno');
INSERT INTO demanda_estaciones(id_estacion_por_ruta, numero_pasajeros, hora, dia, clima, evento_especial) VALUES(20, 7, '20-10-2024 18:50:00', 'Lunes', 'Nublado', 'ninguno');
INSERT INTO demanda_estaciones(id_estacion_por_ruta, numero_pasajeros, hora, dia, clima, evento_especial) VALUES(2, 10, '20-10-2024 19:10:00', 'Lunes', 'Nublado', 'ninguno');
INSERT INTO demanda_estaciones(id_estacion_por_ruta, numero_pasajeros, hora, dia, clima, evento_especial) VALUES(5, 8, '20-10-2024 19:10:00', 'Lunes', 'Nublado', 'ninguno');
INSERT INTO demanda_estaciones(id_estacion_por_ruta, numero_pasajeros, hora, dia, clima, evento_especial) VALUES(13, 7, '20-10-2024 19:10:00', 'Lunes', 'Nublado', 'ninguno');
INSERT INTO demanda_estaciones(id_estacion_por_ruta, numero_pasajeros, hora, dia, clima, evento_especial) VALUES(6, 70, '20-10-2024 19:10:00', 'Lunes', 'Nublado', 'ninguno');
INSERT INTO demanda_estaciones(id_estacion_por_ruta, numero_pasajeros, hora, dia, clima, evento_especial) VALUES(21, 10, '20-10-2024 19:10:00', 'Lunes', 'Nublado', 'ninguno');
INSERT INTO demanda_estaciones(id_estacion_por_ruta, numero_pasajeros, hora, dia, clima, evento_especial) VALUES(20, 12, '20-10-2024 19:10:00', 'Lunes', 'Nublado', 'ninguno');
INSERT INTO demanda_estaciones(id_estacion_por_ruta, numero_pasajeros, hora, dia, clima, evento_especial) VALUES(2, 8, '20-10-2024 19:30:00', 'Lunes', 'Nublado', 'ninguno');
INSERT INTO demanda_estaciones(id_estacion_por_ruta, numero_pasajeros, hora, dia, clima, evento_especial) VALUES(5, 12, '20-10-2024 19:30:00', 'Lunes', 'Nublado', 'ninguno');
INSERT INTO demanda_estaciones(id_estacion_por_ruta, numero_pasajeros, hora, dia, clima, evento_especial) VALUES(13, 7, '20-10-2024 19:30:00', 'Lunes', 'Nublado', 'ninguno');
INSERT INTO demanda_estaciones(id_estacion_por_ruta, numero_pasajeros, hora, dia, clima, evento_especial) VALUES(6, 75, '20-10-2024 19:30:00', 'Lunes', 'Nublado', 'ninguno');
INSERT INTO demanda_estaciones(id_estacion_por_ruta, numero_pasajeros, hora, dia, clima, evento_especial) VALUES(21, 8, '20-10-2024 19:30:00', 'Lunes', 'Nublado', 'ninguno');
INSERT INTO demanda_estaciones(id_estacion_por_ruta, numero_pasajeros, hora, dia, clima, evento_especial) VALUES(20, 9, '20-10-2024 19:30:00', 'Lunes', 'Nublado', 'ninguno');
INSERT INTO demanda_estaciones(id_estacion_por_ruta, numero_pasajeros, hora, dia, clima, evento_especial) VALUES(2, 11, '20-10-2024 19:50:00', 'Lunes', 'Nublado', 'ninguno');
INSERT INTO demanda_estaciones(id_estacion_por_ruta, numero_pasajeros, hora, dia, clima, evento_especial) VALUES(5, 13, '20-10-2024 19:50:00', 'Lunes', 'Nublado', 'ninguno');
INSERT INTO demanda_estaciones(id_estacion_por_ruta, numero_pasajeros, hora, dia, clima, evento_especial) VALUES(13, 10, '20-10-2024 19:50:00', 'Lunes', 'Nublado', 'ninguno');
INSERT INTO demanda_estaciones(id_estacion_por_ruta, numero_pasajeros, hora, dia, clima, evento_especial) VALUES(6, 62, '20-10-2024 19:50:00', 'Lunes', 'Nublado', 'ninguno');
INSERT INTO demanda_estaciones(id_estacion_por_ruta, numero_pasajeros, hora, dia, clima, evento_especial) VALUES(21, 11, '20-10-2024 19:50:00', 'Lunes', 'Nublado', 'ninguno');
INSERT INTO demanda_estaciones(id_estacion_por_ruta, numero_pasajeros, hora, dia, clima, evento_especial) VALUES(20, 12, '20-10-2024 19:50:00', 'Lunes', 'Nublado', 'ninguno');
INSERT INTO demanda_estaciones(id_estacion_por_ruta, numero_pasajeros, hora, dia, clima, evento_especial) VALUES(2, 10, '20-10-2024 20:10:00', 'Lunes', 'Nublado', 'ninguno');
INSERT INTO demanda_estaciones(id_estacion_por_ruta, numero_pasajeros, hora, dia, clima, evento_especial) VALUES(5, 11, '20-10-2024 20:10:00', 'Lunes', 'Nublado', 'ninguno');
INSERT INTO demanda_estaciones(id_estacion_por_ruta, numero_pasajeros, hora, dia, clima, evento_especial) VALUES(13, 9, '20-10-2024 20:10:00', 'Lunes', 'Nublado', 'ninguno');
INSERT INTO demanda_estaciones(id_estacion_por_ruta, numero_pasajeros, hora, dia, clima, evento_especial) VALUES(6, 66, '20-10-2024 20:10:00', 'Lunes', 'Nublado', 'ninguno');
INSERT INTO demanda_estaciones(id_estacion_por_ruta, numero_pasajeros, hora, dia, clima, evento_especial) VALUES(21, 8, '20-10-2024 20:10:00', 'Lunes', 'Nublado', 'ninguno');
INSERT INTO demanda_estaciones(id_estacion_por_ruta, numero_pasajeros, hora, dia, clima, evento_especial) VALUES(20, 10, '20-10-2024 20:10:00', 'Lunes', 'Nublado', 'ninguno');
INSERT INTO demanda_estaciones(id_estacion_por_ruta, numero_pasajeros, hora, dia, clima, evento_especial) VALUES(2, 15, '20-10-2024 20:30:00', 'Lunes', 'Nublado', 'ninguno');
INSERT INTO demanda_estaciones(id_estacion_por_ruta, numero_pasajeros, hora, dia, clima, evento_especial) VALUES(5, 14, '20-10-2024 20:30:00', 'Lunes', 'Nublado', 'ninguno');
INSERT INTO demanda_estaciones(id_estacion_por_ruta, numero_pasajeros, hora, dia, clima, evento_especial) VALUES(13, 14, '20-10-2024 20:30:00', 'Lunes', 'Nublado', 'ninguno');
INSERT INTO demanda_estaciones(id_estacion_por_ruta, numero_pasajeros, hora, dia, clima, evento_especial) VALUES(6, 45, '20-10-2024 20:30:00', 'Lunes', 'Nublado', 'ninguno');
INSERT INTO demanda_estaciones(id_estacion_por_ruta, numero_pasajeros, hora, dia, clima, evento_especial) VALUES(21, 14, '20-10-2024 20:30:00', 'Lunes', 'Nublado', 'ninguno');
INSERT INTO demanda_estaciones(id_estacion_por_ruta, numero_pasajeros, hora, dia, clima, evento_especial) VALUES(20, 13, '20-10-2024 20:30:00', 'Lunes', 'Nublado', 'ninguno');
INSERT INTO demanda_estaciones(id_estacion_por_ruta, numero_pasajeros, hora, dia, clima, evento_especial) VALUES(2, 13, '20-10-2024 20:50:00', 'Lunes', 'Nublado', 'ninguno');
INSERT INTO demanda_estaciones(id_estacion_por_ruta, numero_pasajeros, hora, dia, clima, evento_especial) VALUES(5, 11, '20-10-2024 20:50:00', 'Lunes', 'Nublado', 'ninguno');
INSERT INTO demanda_estaciones(id_estacion_por_ruta, numero_pasajeros, hora, dia, clima, evento_especial) VALUES(13, 12, '20-10-2024 20:50:00', 'Lunes', 'Nublado', 'ninguno');
INSERT INTO demanda_estaciones(id_estacion_por_ruta, numero_pasajeros, hora, dia, clima, evento_especial) VALUES(6, 35, '20-10-2024 20:50:00', 'Lunes', 'Nublado', 'ninguno');
INSERT INTO demanda_estaciones(id_estacion_por_ruta, numero_pasajeros, hora, dia, clima, evento_especial) VALUES(21, 8, '20-10-2024 20:50:00', 'Lunes', 'Nublado', 'ninguno');
INSERT INTO demanda_estaciones(id_estacion_por_ruta, numero_pasajeros, hora, dia, clima, evento_especial) VALUES(20, 10, '20-10-2024 20:50:00', 'Lunes', 'Nublado', 'ninguno');


INSERT INTO cronograma_buses(codigo_bus, id_estacion_bus, hora_salida) VALUES('BUS01',5,'20-10-2024 18:30:00');
INSERT INTO cronograma_buses(codigo_bus, id_estacion_bus, hora_salida) VALUES('BUS01',13,'20-10-2024 18:30:00');
INSERT INTO cronograma_buses(codigo_bus, id_estacion_bus, hora_salida) VALUES('BUS01',21,'20-10-2024 18:30:00');
INSERT INTO cronograma_buses(codigo_bus, id_estacion_bus, hora_salida) VALUES('BUS02',2,'20-10-2024 18:30:00');
INSERT INTO cronograma_buses(codigo_bus, id_estacion_bus, hora_salida) VALUES('BUS02',5,'20-10-2024 18:30:00');
INSERT INTO cronograma_buses(codigo_bus, id_estacion_bus, hora_salida) VALUES('BUS02',13,'20-10-2024 18:30:00');
INSERT INTO cronograma_buses(codigo_bus, id_estacion_bus, hora_salida) VALUES('BUS02',21,'20-10-2024 18:30:00');
INSERT INTO cronograma_buses(codigo_bus, id_estacion_bus, hora_salida) VALUES('BUS03',2,'20-10-2024 18:30:00');
INSERT INTO cronograma_buses(codigo_bus, id_estacion_bus, hora_salida) VALUES('BUS03',5,'20-10-2024 18:30:00');
INSERT INTO cronograma_buses(codigo_bus, id_estacion_bus, hora_salida) VALUES('BUS03',13,'20-10-2024 18:30:00');
INSERT INTO cronograma_buses(codigo_bus, id_estacion_bus, hora_salida) VALUES('BUS03',21,'20-10-2024 18:30:00');
INSERT INTO cronograma_buses(codigo_bus, id_estacion_bus, hora_salida) VALUES('BUS04',2,'20-10-2024 18:30:00');
INSERT INTO cronograma_buses(codigo_bus, id_estacion_bus, hora_salida) VALUES('BUS04',5,'20-10-2024 18:30:00');
INSERT INTO cronograma_buses(codigo_bus, id_estacion_bus, hora_salida) VALUES('BUS04',13,'20-10-2024 18:30:00');
INSERT INTO cronograma_buses(codigo_bus, id_estacion_bus, hora_salida) VALUES('BUS04',21,'20-10-2024 18:30:00');
INSERT INTO cronograma_buses(codigo_bus, id_estacion_bus, hora_salida) VALUES('BUS05',2,'20-10-2024 18:30:00');
INSERT INTO cronograma_buses(codigo_bus, id_estacion_bus, hora_salida) VALUES('BUS05',5,'20-10-2024 18:30:00');
INSERT INTO cronograma_buses(codigo_bus, id_estacion_bus, hora_salida) VALUES('BUS05',13,'20-10-2024 18:30:00');
INSERT INTO cronograma_buses(codigo_bus, id_estacion_bus, hora_salida) VALUES('BUS05',21,'20-10-2024 18:30:00');
INSERT INTO cronograma_buses(codigo_bus, id_estacion_bus, hora_salida) VALUES('BUS06',2,'20-10-2024 18:30:00');
INSERT INTO cronograma_buses(codigo_bus, id_estacion_bus, hora_salida) VALUES('BUS06',5,'20-10-2024 18:30:00');
INSERT INTO cronograma_buses(codigo_bus, id_estacion_bus, hora_salida) VALUES('BUS06',13,'20-10-2024 18:30:00');
INSERT INTO cronograma_buses(codigo_bus, id_estacion_bus, hora_salida) VALUES('BUS06',21,'20-10-2024 18:30:00');
INSERT INTO cronograma_buses(codigo_bus, id_estacion_bus, hora_salida) VALUES('BUS07',2,'20-10-2024 18:30:00');
INSERT INTO cronograma_buses(codigo_bus, id_estacion_bus, hora_salida) VALUES('BUS07',5,'20-10-2024 18:30:00');
INSERT INTO cronograma_buses(codigo_bus, id_estacion_bus, hora_salida) VALUES('BUS07',13,'20-10-2024 18:30:00');
INSERT INTO cronograma_buses(codigo_bus, id_estacion_bus, hora_salida) VALUES('BUS07',21,'20-10-2024 18:30:00');
INSERT INTO cronograma_buses(codigo_bus, id_estacion_bus, hora_salida) VALUES('BUS08',6,'20-10-2024 18:30:00');
INSERT INTO cronograma_buses(codigo_bus, id_estacion_bus, hora_salida) VALUES('BUS08',20,'20-10-2024 18:30:00');
INSERT INTO cronograma_buses(codigo_bus, id_estacion_bus, hora_salida) VALUES('BUS09',6,'20-10-2024 18:30:00');
INSERT INTO cronograma_buses(codigo_bus, id_estacion_bus, hora_salida) VALUES('BUS09',20,'20-10-2024 18:30:00');
INSERT INTO cronograma_buses(codigo_bus, id_estacion_bus, hora_salida) VALUES('BUS10',6,'20-10-2024 18:30:00');
INSERT INTO cronograma_buses(codigo_bus, id_estacion_bus, hora_salida) VALUES('BUS10',20,'20-10-2024 18:30:00');
INSERT INTO cronograma_buses(codigo_bus, id_estacion_bus, hora_salida) VALUES('BUS11',6,'20-10-2024 18:30:00');
INSERT INTO cronograma_buses(codigo_bus, id_estacion_bus, hora_salida) VALUES('BUS11',20,'20-10-2024 18:30:00');
INSERT INTO cronograma_buses(codigo_bus, id_estacion_bus, hora_salida) VALUES('BUS12',6,'20-10-2024 18:30:00');
INSERT INTO cronograma_buses(codigo_bus, id_estacion_bus, hora_salida) VALUES('BUS12',20,'20-10-2024 18:30:00');
INSERT INTO cronograma_buses(codigo_bus, id_estacion_bus, hora_salida) VALUES('BUS13',6,'20-10-2024 18:30:00');
INSERT INTO cronograma_buses(codigo_bus, id_estacion_bus, hora_salida) VALUES('BUS13',20,'20-10-2024 18:30:00');
INSERT INTO cronograma_buses(codigo_bus, id_estacion_bus, hora_salida) VALUES('BUS14',6,'20-10-2024 18:30:00');
INSERT INTO cronograma_buses(codigo_bus, id_estacion_bus, hora_salida) VALUES('BUS14',20,'20-10-2024 18:30:00');
INSERT INTO cronograma_buses(codigo_bus, id_estacion_bus, hora_salida) VALUES('BUS15',2,'20-10-2024 18:50:00');
INSERT INTO cronograma_buses(codigo_bus, id_estacion_bus, hora_salida) VALUES('BUS15',5,'20-10-2024 18:50:00');
INSERT INTO cronograma_buses(codigo_bus, id_estacion_bus, hora_salida) VALUES('BUS15',13,'20-10-2024 18:50:00');
INSERT INTO cronograma_buses(codigo_bus, id_estacion_bus, hora_salida) VALUES('BUS15',21,'20-10-2024 18:50:00');
INSERT INTO cronograma_buses(codigo_bus, id_estacion_bus, hora_salida) VALUES('BUS16',2,'20-10-2024 18:50:00');
INSERT INTO cronograma_buses(codigo_bus, id_estacion_bus, hora_salida) VALUES('BUS16',5,'20-10-2024 18:50:00');
INSERT INTO cronograma_buses(codigo_bus, id_estacion_bus, hora_salida) VALUES('BUS16',13,'20-10-2024 18:50:00');
INSERT INTO cronograma_buses(codigo_bus, id_estacion_bus, hora_salida) VALUES('BUS16',21,'20-10-2024 18:50:00');
INSERT INTO cronograma_buses(codigo_bus, id_estacion_bus, hora_salida) VALUES('BUS17',2,'20-10-2024 18:50:00');
INSERT INTO cronograma_buses(codigo_bus, id_estacion_bus, hora_salida) VALUES('BUS17',5,'20-10-2024 18:50:00');
INSERT INTO cronograma_buses(codigo_bus, id_estacion_bus, hora_salida) VALUES('BUS17',13,'20-10-2024 18:50:00');
INSERT INTO cronograma_buses(codigo_bus, id_estacion_bus, hora_salida) VALUES('BUS17',21,'20-10-2024 18:50:00');
INSERT INTO cronograma_buses(codigo_bus, id_estacion_bus, hora_salida) VALUES('BUS18',2,'20-10-2024 18:50:00');
INSERT INTO cronograma_buses(codigo_bus, id_estacion_bus, hora_salida) VALUES('BUS18',5,'20-10-2024 18:50:00');
INSERT INTO cronograma_buses(codigo_bus, id_estacion_bus, hora_salida) VALUES('BUS18',13,'20-10-2024 18:50:00');
INSERT INTO cronograma_buses(codigo_bus, id_estacion_bus, hora_salida) VALUES('BUS18',21,'20-10-2024 18:50:00');
INSERT INTO cronograma_buses(codigo_bus, id_estacion_bus, hora_salida) VALUES('BUS19',2,'20-10-2024 18:50:00');
INSERT INTO cronograma_buses(codigo_bus, id_estacion_bus, hora_salida) VALUES('BUS19',5,'20-10-2024 18:50:00');
INSERT INTO cronograma_buses(codigo_bus, id_estacion_bus, hora_salida) VALUES('BUS19',13,'20-10-2024 18:50:00');
INSERT INTO cronograma_buses(codigo_bus, id_estacion_bus, hora_salida) VALUES('BUS19',21,'20-10-2024 18:50:00');
INSERT INTO cronograma_buses(codigo_bus, id_estacion_bus, hora_salida) VALUES('BUS20',6,'20-10-2024 18:50:00');
INSERT INTO cronograma_buses(codigo_bus, id_estacion_bus, hora_salida) VALUES('BUS20',20,'20-10-2024 18:50:00');
INSERT INTO cronograma_buses(codigo_bus, id_estacion_bus, hora_salida) VALUES('BUS21',6,'20-10-2024 18:50:00');
INSERT INTO cronograma_buses(codigo_bus, id_estacion_bus, hora_salida) VALUES('BUS21',20,'20-10-2024 18:50:00');
INSERT INTO cronograma_buses(codigo_bus, id_estacion_bus, hora_salida) VALUES('BUS22',6,'20-10-2024 18:50:00');
INSERT INTO cronograma_buses(codigo_bus, id_estacion_bus, hora_salida) VALUES('BUS22',20,'20-10-2024 18:50:00');
INSERT INTO cronograma_buses(codigo_bus, id_estacion_bus, hora_salida) VALUES('BUS23',6,'20-10-2024 18:50:00');
INSERT INTO cronograma_buses(codigo_bus, id_estacion_bus, hora_salida) VALUES('BUS23',20,'20-10-2024 18:50:00');
INSERT INTO cronograma_buses(codigo_bus, id_estacion_bus, hora_salida) VALUES('BUS24',6,'20-10-2024 18:50:00');
INSERT INTO cronograma_buses(codigo_bus, id_estacion_bus, hora_salida) VALUES('BUS24',20,'20-10-2024 18:50:00');
INSERT INTO cronograma_buses(codigo_bus, id_estacion_bus, hora_salida) VALUES('BUS25',6,'20-10-2024 18:50:00');
INSERT INTO cronograma_buses(codigo_bus, id_estacion_bus, hora_salida) VALUES('BUS25',20,'20-10-2024 18:50:00');
INSERT INTO cronograma_buses(codigo_bus, id_estacion_bus, hora_salida) VALUES('BUS26',6,'20-10-2024 18:50:00');
INSERT INTO cronograma_buses(codigo_bus, id_estacion_bus, hora_salida) VALUES('BUS26',20,'20-10-2024 18:50:00');
INSERT INTO cronograma_buses(codigo_bus, id_estacion_bus, hora_salida) VALUES('BUS27',6,'20-10-2024 18:50:00');
INSERT INTO cronograma_buses(codigo_bus, id_estacion_bus, hora_salida) VALUES('BUS27',20,'20-10-2024 18:50:00');
INSERT INTO cronograma_buses(codigo_bus, id_estacion_bus, hora_salida) VALUES('BUS28',6,'20-10-2024 18:50:00');
INSERT INTO cronograma_buses(codigo_bus, id_estacion_bus, hora_salida) VALUES('BUS28',20,'20-10-2024 18:50:00');
INSERT INTO cronograma_buses(codigo_bus, id_estacion_bus, hora_salida) VALUES('BUS29',6,'20-10-2024 18:50:00');
INSERT INTO cronograma_buses(codigo_bus, id_estacion_bus, hora_salida) VALUES('BUS29',20,'20-10-2024 18:50:00');
INSERT INTO cronograma_buses(codigo_bus, id_estacion_bus, hora_salida) VALUES('BUS30',6,'20-10-2024 18:50:00');
INSERT INTO cronograma_buses(codigo_bus, id_estacion_bus, hora_salida) VALUES('BUS30',20,'20-10-2024 18:50:00');
INSERT INTO cronograma_buses(codigo_bus, id_estacion_bus, hora_salida) VALUES('BUS31',6,'20-10-2024 18:50:00');
INSERT INTO cronograma_buses(codigo_bus, id_estacion_bus, hora_salida) VALUES('BUS31',20,'20-10-2024 18:50:00');
INSERT INTO cronograma_buses(codigo_bus, id_estacion_bus, hora_salida) VALUES('BUS32',6,'20-10-2024 18:50:00');
INSERT INTO cronograma_buses(codigo_bus, id_estacion_bus, hora_salida) VALUES('BUS32',20,'20-10-2024 18:50:00');
INSERT INTO cronograma_buses(codigo_bus, id_estacion_bus, hora_salida) VALUES('BUS33',2,'20-10-2024 19:10:00');
INSERT INTO cronograma_buses(codigo_bus, id_estacion_bus, hora_salida) VALUES('BUS33',5,'20-10-2024 19:10:00');
INSERT INTO cronograma_buses(codigo_bus, id_estacion_bus, hora_salida) VALUES('BUS33',13,'20-10-2024 19:10:00');
INSERT INTO cronograma_buses(codigo_bus, id_estacion_bus, hora_salida) VALUES('BUS33',21,'20-10-2024 19:10:00');
INSERT INTO cronograma_buses(codigo_bus, id_estacion_bus, hora_salida) VALUES('BUS34',2,'20-10-2024 19:10:00');
INSERT INTO cronograma_buses(codigo_bus, id_estacion_bus, hora_salida) VALUES('BUS34',5,'20-10-2024 19:10:00');
INSERT INTO cronograma_buses(codigo_bus, id_estacion_bus, hora_salida) VALUES('BUS34',13,'20-10-2024 19:10:00');
INSERT INTO cronograma_buses(codigo_bus, id_estacion_bus, hora_salida) VALUES('BUS34',21,'20-10-2024 19:10:00');
INSERT INTO cronograma_buses(codigo_bus, id_estacion_bus, hora_salida) VALUES('BUS35',2,'20-10-2024 19:10:00');
INSERT INTO cronograma_buses(codigo_bus, id_estacion_bus, hora_salida) VALUES('BUS35',5,'20-10-2024 19:10:00');
INSERT INTO cronograma_buses(codigo_bus, id_estacion_bus, hora_salida) VALUES('BUS35',13,'20-10-2024 19:10:00');
INSERT INTO cronograma_buses(codigo_bus, id_estacion_bus, hora_salida) VALUES('BUS35',21,'20-10-2024 19:10:00');
INSERT INTO cronograma_buses(codigo_bus, id_estacion_bus, hora_salida) VALUES('BUS36',2,'20-10-2024 19:10:00');
INSERT INTO cronograma_buses(codigo_bus, id_estacion_bus, hora_salida) VALUES('BUS36',5,'20-10-2024 19:10:00');
INSERT INTO cronograma_buses(codigo_bus, id_estacion_bus, hora_salida) VALUES('BUS36',13,'20-10-2024 19:10:00');
INSERT INTO cronograma_buses(codigo_bus, id_estacion_bus, hora_salida) VALUES('BUS36',21,'20-10-2024 19:10:00');
INSERT INTO cronograma_buses(codigo_bus, id_estacion_bus, hora_salida) VALUES('BUS37',6,'20-10-2024 19:10:00');
INSERT INTO cronograma_buses(codigo_bus, id_estacion_bus, hora_salida) VALUES('BUS37',20,'20-10-2024 19:10:00');
INSERT INTO cronograma_buses(codigo_bus, id_estacion_bus, hora_salida) VALUES('BUS38',6,'20-10-2024 19:10:00');
INSERT INTO cronograma_buses(codigo_bus, id_estacion_bus, hora_salida) VALUES('BUS38',20,'20-10-2024 19:10:00');
INSERT INTO cronograma_buses(codigo_bus, id_estacion_bus, hora_salida) VALUES('BUS39',6,'20-10-2024 19:10:00');
INSERT INTO cronograma_buses(codigo_bus, id_estacion_bus, hora_salida) VALUES('BUS39',20,'20-10-2024 19:10:00');
INSERT INTO cronograma_buses(codigo_bus, id_estacion_bus, hora_salida) VALUES('BUS40',6,'20-10-2024 19:10:00');
INSERT INTO cronograma_buses(codigo_bus, id_estacion_bus, hora_salida) VALUES('BUS40',20,'20-10-2024 19:10:00');
INSERT INTO cronograma_buses(codigo_bus, id_estacion_bus, hora_salida) VALUES('BUS41',6,'20-10-2024 19:10:00');
INSERT INTO cronograma_buses(codigo_bus, id_estacion_bus, hora_salida) VALUES('BUS41',20,'20-10-2024 19:10:00');
INSERT INTO cronograma_buses(codigo_bus, id_estacion_bus, hora_salida) VALUES('BUS42',6,'20-10-2024 19:10:00');
INSERT INTO cronograma_buses(codigo_bus, id_estacion_bus, hora_salida) VALUES('BUS42',20,'20-10-2024 19:10:00');
INSERT INTO cronograma_buses(codigo_bus, id_estacion_bus, hora_salida) VALUES('BUS43',6,'20-10-2024 19:10:00');
INSERT INTO cronograma_buses(codigo_bus, id_estacion_bus, hora_salida) VALUES('BUS43',20,'20-10-2024 19:10:00');
INSERT INTO cronograma_buses(codigo_bus, id_estacion_bus, hora_salida) VALUES('BUS44',6,'20-10-2024 19:10:00');
INSERT INTO cronograma_buses(codigo_bus, id_estacion_bus, hora_salida) VALUES('BUS44',20,'20-10-2024 19:10:00');
INSERT INTO cronograma_buses(codigo_bus, id_estacion_bus, hora_salida) VALUES('BUS45',6,'20-10-2024 19:10:00');
INSERT INTO cronograma_buses(codigo_bus, id_estacion_bus, hora_salida) VALUES('BUS45',20,'20-10-2024 19:10:00');
INSERT INTO cronograma_buses(codigo_bus, id_estacion_bus, hora_salida) VALUES('BUS46',6,'20-10-2024 19:10:00');
INSERT INTO cronograma_buses(codigo_bus, id_estacion_bus, hora_salida) VALUES('BUS46',20,'20-10-2024 19:10:00');
INSERT INTO cronograma_buses(codigo_bus, id_estacion_bus, hora_salida) VALUES('BUS47',6,'20-10-2024 19:10:00');
INSERT INTO cronograma_buses(codigo_bus, id_estacion_bus, hora_salida) VALUES('BUS47',20,'20-10-2024 19:10:00');
INSERT INTO cronograma_buses(codigo_bus, id_estacion_bus, hora_salida) VALUES('BUS48',6,'20-10-2024 19:10:00');
INSERT INTO cronograma_buses(codigo_bus, id_estacion_bus, hora_salida) VALUES('BUS48',20,'20-10-2024 19:10:00');
INSERT INTO cronograma_buses(codigo_bus, id_estacion_bus, hora_salida) VALUES('BUS49',6,'20-10-2024 19:10:00');
INSERT INTO cronograma_buses(codigo_bus, id_estacion_bus, hora_salida) VALUES('BUS49',20,'20-10-2024 19:10:00');
INSERT INTO cronograma_buses(codigo_bus, id_estacion_bus, hora_salida) VALUES('BUS50',6,'20-10-2024 19:10:00');
INSERT INTO cronograma_buses(codigo_bus, id_estacion_bus, hora_salida) VALUES('BUS50',20,'20-10-2024 19:10:00');
INSERT INTO cronograma_buses(codigo_bus, id_estacion_bus, hora_salida) VALUES('BUS51',6,'20-10-2024 19:10:00');
INSERT INTO cronograma_buses(codigo_bus, id_estacion_bus, hora_salida) VALUES('BUS51',20,'20-10-2024 19:10:00');
INSERT INTO cronograma_buses(codigo_bus, id_estacion_bus, hora_salida) VALUES('BUS52',6,'20-10-2024 19:10:00');
INSERT INTO cronograma_buses(codigo_bus, id_estacion_bus, hora_salida) VALUES('BUS52',20,'20-10-2024 19:10:00');
INSERT INTO cronograma_buses(codigo_bus, id_estacion_bus, hora_salida) VALUES('BUS53',6,'20-10-2024 19:10:00');
INSERT INTO cronograma_buses(codigo_bus, id_estacion_bus, hora_salida) VALUES('BUS53',20,'20-10-2024 19:10:00');
INSERT INTO cronograma_buses(codigo_bus, id_estacion_bus, hora_salida) VALUES('BUS54',6,'20-10-2024 19:10:00');
INSERT INTO cronograma_buses(codigo_bus, id_estacion_bus, hora_salida) VALUES('BUS54',20,'20-10-2024 19:10:00');
INSERT INTO cronograma_buses(codigo_bus, id_estacion_bus, hora_salida) VALUES('BUS55',5,'20-10-2024 19:30:00');
INSERT INTO cronograma_buses(codigo_bus, id_estacion_bus, hora_salida) VALUES('BUS55',13,'20-10-2024 19:30:00');
INSERT INTO cronograma_buses(codigo_bus, id_estacion_bus, hora_salida) VALUES('BUS55',21,'20-10-2024 19:30:00');
INSERT INTO cronograma_buses(codigo_bus, id_estacion_bus, hora_salida) VALUES('BUS56',2,'20-10-2024 19:30:00');
INSERT INTO cronograma_buses(codigo_bus, id_estacion_bus, hora_salida) VALUES('BUS56',5,'20-10-2024 19:30:00');
INSERT INTO cronograma_buses(codigo_bus, id_estacion_bus, hora_salida) VALUES('BUS56',13,'20-10-2024 19:30:00');
INSERT INTO cronograma_buses(codigo_bus, id_estacion_bus, hora_salida) VALUES('BUS56',21,'20-10-2024 19:30:00');
INSERT INTO cronograma_buses(codigo_bus, id_estacion_bus, hora_salida) VALUES('BUS57',2,'20-10-2024 19:30:00');
INSERT INTO cronograma_buses(codigo_bus, id_estacion_bus, hora_salida) VALUES('BUS57',5,'20-10-2024 19:30:00');
INSERT INTO cronograma_buses(codigo_bus, id_estacion_bus, hora_salida) VALUES('BUS57',13,'20-10-2024 19:30:00');
INSERT INTO cronograma_buses(codigo_bus, id_estacion_bus, hora_salida) VALUES('BUS57',21,'20-10-2024 19:30:00');
INSERT INTO cronograma_buses(codigo_bus, id_estacion_bus, hora_salida) VALUES('BUS58',2,'20-10-2024 19:30:00');
INSERT INTO cronograma_buses(codigo_bus, id_estacion_bus, hora_salida) VALUES('BUS58',5,'20-10-2024 19:30:00');
INSERT INTO cronograma_buses(codigo_bus, id_estacion_bus, hora_salida) VALUES('BUS58',13,'20-10-2024 19:30:00');
INSERT INTO cronograma_buses(codigo_bus, id_estacion_bus, hora_salida) VALUES('BUS58',21,'20-10-2024 19:30:00');
INSERT INTO cronograma_buses(codigo_bus, id_estacion_bus, hora_salida) VALUES('BUS59',2,'20-10-2024 19:30:00');
INSERT INTO cronograma_buses(codigo_bus, id_estacion_bus, hora_salida) VALUES('BUS59',5,'20-10-2024 19:30:00');
INSERT INTO cronograma_buses(codigo_bus, id_estacion_bus, hora_salida) VALUES('BUS59',13,'20-10-2024 19:30:00');
INSERT INTO cronograma_buses(codigo_bus, id_estacion_bus, hora_salida) VALUES('BUS59',21,'20-10-2024 19:30:00');
INSERT INTO cronograma_buses(codigo_bus, id_estacion_bus, hora_salida) VALUES('BUS60',2,'20-10-2024 19:30:00');
INSERT INTO cronograma_buses(codigo_bus, id_estacion_bus, hora_salida) VALUES('BUS60',5,'20-10-2024 19:30:00');
INSERT INTO cronograma_buses(codigo_bus, id_estacion_bus, hora_salida) VALUES('BUS60',13,'20-10-2024 19:30:00');
INSERT INTO cronograma_buses(codigo_bus, id_estacion_bus, hora_salida) VALUES('BUS60',21,'20-10-2024 19:30:00');
INSERT INTO cronograma_buses(codigo_bus, id_estacion_bus, hora_salida) VALUES('BUS61',6,'20-10-2024 19:30:00');
INSERT INTO cronograma_buses(codigo_bus, id_estacion_bus, hora_salida) VALUES('BUS61',20,'20-10-2024 19:30:00');
INSERT INTO cronograma_buses(codigo_bus, id_estacion_bus, hora_salida) VALUES('BUS62',6,'20-10-2024 19:30:00');
INSERT INTO cronograma_buses(codigo_bus, id_estacion_bus, hora_salida) VALUES('BUS62',20,'20-10-2024 19:30:00');
INSERT INTO cronograma_buses(codigo_bus, id_estacion_bus, hora_salida) VALUES('BUS63',6,'20-10-2024 19:30:00');
INSERT INTO cronograma_buses(codigo_bus, id_estacion_bus, hora_salida) VALUES('BUS63',20,'20-10-2024 19:30:00');
INSERT INTO cronograma_buses(codigo_bus, id_estacion_bus, hora_salida) VALUES('BUS64',6,'20-10-2024 19:30:00');
INSERT INTO cronograma_buses(codigo_bus, id_estacion_bus, hora_salida) VALUES('BUS64',20,'20-10-2024 19:30:00');
INSERT INTO cronograma_buses(codigo_bus, id_estacion_bus, hora_salida) VALUES('BUS65',6,'20-10-2024 19:30:00');
INSERT INTO cronograma_buses(codigo_bus, id_estacion_bus, hora_salida) VALUES('BUS65',20,'20-10-2024 19:30:00');
INSERT INTO cronograma_buses(codigo_bus, id_estacion_bus, hora_salida) VALUES('BUS66',6,'20-10-2024 19:30:00');
INSERT INTO cronograma_buses(codigo_bus, id_estacion_bus, hora_salida) VALUES('BUS66',20,'20-10-2024 19:30:00');
INSERT INTO cronograma_buses(codigo_bus, id_estacion_bus, hora_salida) VALUES('BUS67',6,'20-10-2024 19:30:00');
INSERT INTO cronograma_buses(codigo_bus, id_estacion_bus, hora_salida) VALUES('BUS67',20,'20-10-2024 19:30:00');
INSERT INTO cronograma_buses(codigo_bus, id_estacion_bus, hora_salida) VALUES('BUS68',6,'20-10-2024 19:30:00');
INSERT INTO cronograma_buses(codigo_bus, id_estacion_bus, hora_salida) VALUES('BUS68',20,'20-10-2024 19:30:00');
INSERT INTO cronograma_buses(codigo_bus, id_estacion_bus, hora_salida) VALUES('BUS69',6,'20-10-2024 19:30:00');
INSERT INTO cronograma_buses(codigo_bus, id_estacion_bus, hora_salida) VALUES('BUS69',20,'20-10-2024 19:30:00');
INSERT INTO cronograma_buses(codigo_bus, id_estacion_bus, hora_salida) VALUES('BUS70',6,'20-10-2024 19:30:00');
INSERT INTO cronograma_buses(codigo_bus, id_estacion_bus, hora_salida) VALUES('BUS70',20,'20-10-2024 19:30:00');
INSERT INTO cronograma_buses(codigo_bus, id_estacion_bus, hora_salida) VALUES('BUS71',6,'20-10-2024 19:30:00');
INSERT INTO cronograma_buses(codigo_bus, id_estacion_bus, hora_salida) VALUES('BUS71',20,'20-10-2024 19:30:00');
INSERT INTO cronograma_buses(codigo_bus, id_estacion_bus, hora_salida) VALUES('BUS72',6,'20-10-2024 19:30:00');
INSERT INTO cronograma_buses(codigo_bus, id_estacion_bus, hora_salida) VALUES('BUS72',20,'20-10-2024 19:30:00');
INSERT INTO cronograma_buses(codigo_bus, id_estacion_bus, hora_salida) VALUES('BUS73',6,'20-10-2024 19:30:00');
INSERT INTO cronograma_buses(codigo_bus, id_estacion_bus, hora_salida) VALUES('BUS73',20,'20-10-2024 19:30:00');
INSERT INTO cronograma_buses(codigo_bus, id_estacion_bus, hora_salida) VALUES('BUS74',6,'20-10-2024 19:30:00');
INSERT INTO cronograma_buses(codigo_bus, id_estacion_bus, hora_salida) VALUES('BUS74',20,'20-10-2024 19:30:00');
INSERT INTO cronograma_buses(codigo_bus, id_estacion_bus, hora_salida) VALUES('BUS75',6,'20-10-2024 19:30:00');
INSERT INTO cronograma_buses(codigo_bus, id_estacion_bus, hora_salida) VALUES('BUS75',20,'20-10-2024 19:30:00');
INSERT INTO cronograma_buses(codigo_bus, id_estacion_bus, hora_salida) VALUES('BUS76',6,'20-10-2024 19:30:00');
INSERT INTO cronograma_buses(codigo_bus, id_estacion_bus, hora_salida) VALUES('BUS76',20,'20-10-2024 19:30:00');
INSERT INTO cronograma_buses(codigo_bus, id_estacion_bus, hora_salida) VALUES('BUS77',6,'20-10-2024 19:30:00');
INSERT INTO cronograma_buses(codigo_bus, id_estacion_bus, hora_salida) VALUES('BUS77',20,'20-10-2024 19:30:00');
INSERT INTO cronograma_buses(codigo_bus, id_estacion_bus, hora_salida) VALUES('BUS78',6,'20-10-2024 19:30:00');
INSERT INTO cronograma_buses(codigo_bus, id_estacion_bus, hora_salida) VALUES('BUS78',20,'20-10-2024 19:30:00');
INSERT INTO cronograma_buses(codigo_bus, id_estacion_bus, hora_salida) VALUES('BUS79',6,'20-10-2024 19:30:00');
INSERT INTO cronograma_buses(codigo_bus, id_estacion_bus, hora_salida) VALUES('BUS79',20,'20-10-2024 19:30:00');
INSERT INTO cronograma_buses(codigo_bus, id_estacion_bus, hora_salida) VALUES('BUS80',6,'20-10-2024 19:30:00');
INSERT INTO cronograma_buses(codigo_bus, id_estacion_bus, hora_salida) VALUES('BUS80',20,'20-10-2024 19:30:00');
INSERT INTO cronograma_buses(codigo_bus, id_estacion_bus, hora_salida) VALUES('BUS81',2,'20-10-2024 19:50:00');
INSERT INTO cronograma_buses(codigo_bus, id_estacion_bus, hora_salida) VALUES('BUS81',5,'20-10-2024 19:50:00');
INSERT INTO cronograma_buses(codigo_bus, id_estacion_bus, hora_salida) VALUES('BUS81',13,'20-10-2024 19:50:00');
INSERT INTO cronograma_buses(codigo_bus, id_estacion_bus, hora_salida) VALUES('BUS81',21,'20-10-2024 19:50:00');
INSERT INTO cronograma_buses(codigo_bus, id_estacion_bus, hora_salida) VALUES('BUS82',2,'20-10-2024 19:50:00');
INSERT INTO cronograma_buses(codigo_bus, id_estacion_bus, hora_salida) VALUES('BUS82',5,'20-10-2024 19:50:00');
INSERT INTO cronograma_buses(codigo_bus, id_estacion_bus, hora_salida) VALUES('BUS82',13,'20-10-2024 19:50:00');
INSERT INTO cronograma_buses(codigo_bus, id_estacion_bus, hora_salida) VALUES('BUS82',21,'20-10-2024 19:50:00');
INSERT INTO cronograma_buses(codigo_bus, id_estacion_bus, hora_salida) VALUES('BUS83',2,'20-10-2024 19:50:00');
INSERT INTO cronograma_buses(codigo_bus, id_estacion_bus, hora_salida) VALUES('BUS83',5,'20-10-2024 19:50:00');
INSERT INTO cronograma_buses(codigo_bus, id_estacion_bus, hora_salida) VALUES('BUS83',13,'20-10-2024 19:50:00');
INSERT INTO cronograma_buses(codigo_bus, id_estacion_bus, hora_salida) VALUES('BUS83',21,'20-10-2024 19:50:00');
INSERT INTO cronograma_buses(codigo_bus, id_estacion_bus, hora_salida) VALUES('BUS84',2,'20-10-2024 19:50:00');
INSERT INTO cronograma_buses(codigo_bus, id_estacion_bus, hora_salida) VALUES('BUS84',5,'20-10-2024 19:50:00');
INSERT INTO cronograma_buses(codigo_bus, id_estacion_bus, hora_salida) VALUES('BUS84',13,'20-10-2024 19:50:00');
INSERT INTO cronograma_buses(codigo_bus, id_estacion_bus, hora_salida) VALUES('BUS84',21,'20-10-2024 19:50:00');
INSERT INTO cronograma_buses(codigo_bus, id_estacion_bus, hora_salida) VALUES('BUS85',2,'20-10-2024 19:50:00');
INSERT INTO cronograma_buses(codigo_bus, id_estacion_bus, hora_salida) VALUES('BUS85',5,'20-10-2024 19:50:00');
INSERT INTO cronograma_buses(codigo_bus, id_estacion_bus, hora_salida) VALUES('BUS85',13,'20-10-2024 19:50:00');
INSERT INTO cronograma_buses(codigo_bus, id_estacion_bus, hora_salida) VALUES('BUS85',21,'20-10-2024 19:50:00');
INSERT INTO cronograma_buses(codigo_bus, id_estacion_bus, hora_salida) VALUES('BUS86',2,'20-10-2024 19:50:00');
INSERT INTO cronograma_buses(codigo_bus, id_estacion_bus, hora_salida) VALUES('BUS86',5,'20-10-2024 19:50:00');
INSERT INTO cronograma_buses(codigo_bus, id_estacion_bus, hora_salida) VALUES('BUS86',13,'20-10-2024 19:50:00');
INSERT INTO cronograma_buses(codigo_bus, id_estacion_bus, hora_salida) VALUES('BUS86',21,'20-10-2024 19:50:00');
INSERT INTO cronograma_buses(codigo_bus, id_estacion_bus, hora_salida) VALUES('BUS87',2,'20-10-2024 19:50:00');
INSERT INTO cronograma_buses(codigo_bus, id_estacion_bus, hora_salida) VALUES('BUS87',5,'20-10-2024 19:50:00');
INSERT INTO cronograma_buses(codigo_bus, id_estacion_bus, hora_salida) VALUES('BUS87',13,'20-10-2024 19:50:00');
INSERT INTO cronograma_buses(codigo_bus, id_estacion_bus, hora_salida) VALUES('BUS87',21,'20-10-2024 19:50:00');
INSERT INTO cronograma_buses(codigo_bus, id_estacion_bus, hora_salida) VALUES('BUS88',6,'20-10-2024 19:50:00');
INSERT INTO cronograma_buses(codigo_bus, id_estacion_bus, hora_salida) VALUES('BUS55',2,'20-10-2024 19:30:00');
INSERT INTO cronograma_buses(codigo_bus, id_estacion_bus, hora_salida) VALUES('BUS88',20,'20-10-2024 19:50:00');
INSERT INTO cronograma_buses(codigo_bus, id_estacion_bus, hora_salida) VALUES('BUS89',6,'20-10-2024 19:50:00');
INSERT INTO cronograma_buses(codigo_bus, id_estacion_bus, hora_salida) VALUES('BUS89',20,'20-10-2024 19:50:00');
INSERT INTO cronograma_buses(codigo_bus, id_estacion_bus, hora_salida) VALUES('BUS90',6,'20-10-2024 19:50:00');
INSERT INTO cronograma_buses(codigo_bus, id_estacion_bus, hora_salida) VALUES('BUS90',20,'20-10-2024 19:50:00');
INSERT INTO cronograma_buses(codigo_bus, id_estacion_bus, hora_salida) VALUES('BUS91',6,'20-10-2024 19:50:00');
INSERT INTO cronograma_buses(codigo_bus, id_estacion_bus, hora_salida) VALUES('BUS91',20,'20-10-2024 19:50:00');
INSERT INTO cronograma_buses(codigo_bus, id_estacion_bus, hora_salida) VALUES('BUS92',6,'20-10-2024 19:50:00');
INSERT INTO cronograma_buses(codigo_bus, id_estacion_bus, hora_salida) VALUES('BUS92',20,'20-10-2024 19:50:00');
INSERT INTO cronograma_buses(codigo_bus, id_estacion_bus, hora_salida) VALUES('BUS93',6,'20-10-2024 19:50:00');
INSERT INTO cronograma_buses(codigo_bus, id_estacion_bus, hora_salida) VALUES('BUS93',20,'20-10-2024 19:50:00');
INSERT INTO cronograma_buses(codigo_bus, id_estacion_bus, hora_salida) VALUES('BUS94',6,'20-10-2024 19:50:00');
INSERT INTO cronograma_buses(codigo_bus, id_estacion_bus, hora_salida) VALUES('BUS94',20,'20-10-2024 19:50:00');
INSERT INTO cronograma_buses(codigo_bus, id_estacion_bus, hora_salida) VALUES('BUS95',6,'20-10-2024 19:50:00');
INSERT INTO cronograma_buses(codigo_bus, id_estacion_bus, hora_salida) VALUES('BUS95',20,'20-10-2024 19:50:00');
INSERT INTO cronograma_buses(codigo_bus, id_estacion_bus, hora_salida) VALUES('BUS96',6,'20-10-2024 19:50:00');
INSERT INTO cronograma_buses(codigo_bus, id_estacion_bus, hora_salida) VALUES('BUS96',20,'20-10-2024 19:50:00');
INSERT INTO cronograma_buses(codigo_bus, id_estacion_bus, hora_salida) VALUES('BUS97',6,'20-10-2024 19:50:00');
INSERT INTO cronograma_buses(codigo_bus, id_estacion_bus, hora_salida) VALUES('BUS97',20,'20-10-2024 19:50:00');
INSERT INTO cronograma_buses(codigo_bus, id_estacion_bus, hora_salida) VALUES('BUS98',6,'20-10-2024 19:50:00');
INSERT INTO cronograma_buses(codigo_bus, id_estacion_bus, hora_salida) VALUES('BUS98',20,'20-10-2024 19:50:00');
INSERT INTO cronograma_buses(codigo_bus, id_estacion_bus, hora_salida) VALUES('BUS99',6,'20-10-2024 19:50:00');
INSERT INTO cronograma_buses(codigo_bus, id_estacion_bus, hora_salida) VALUES('BUS99',20,'20-10-2024 19:50:00');
INSERT INTO cronograma_buses(codigo_bus, id_estacion_bus, hora_salida) VALUES('BUS100',6,'20-10-2024 19:50:00');
INSERT INTO cronograma_buses(codigo_bus, id_estacion_bus, hora_salida) VALUES('BUS100',20,'20-10-2024 19:50:00');
INSERT INTO cronograma_buses(codigo_bus, id_estacion_bus, hora_salida) VALUES('BUS101',6,'20-10-2024 19:50:00');
INSERT INTO cronograma_buses(codigo_bus, id_estacion_bus, hora_salida) VALUES('BUS101',20,'20-10-2024 19:50:00');
INSERT INTO cronograma_buses(codigo_bus, id_estacion_bus, hora_salida) VALUES('BUS102',6,'20-10-2024 19:50:00');
INSERT INTO cronograma_buses(codigo_bus, id_estacion_bus, hora_salida) VALUES('BUS102',20,'20-10-2024 19:50:00');
INSERT INTO cronograma_buses(codigo_bus, id_estacion_bus, hora_salida) VALUES('BUS103',6,'20-10-2024 19:50:00');
INSERT INTO cronograma_buses(codigo_bus, id_estacion_bus, hora_salida) VALUES('BUS103',20,'20-10-2024 19:50:00');
INSERT INTO cronograma_buses(codigo_bus, id_estacion_bus, hora_salida) VALUES('BUS104',6,'20-10-2024 19:50:00');
INSERT INTO cronograma_buses(codigo_bus, id_estacion_bus, hora_salida) VALUES('BUS104',20,'20-10-2024 19:50:00');
INSERT INTO cronograma_buses(codigo_bus, id_estacion_bus, hora_salida) VALUES('BUS105',2,'20-10-2024 20:10:00');
INSERT INTO cronograma_buses(codigo_bus, id_estacion_bus, hora_salida) VALUES('BUS105',5,'20-10-2024 20:10:00');
INSERT INTO cronograma_buses(codigo_bus, id_estacion_bus, hora_salida) VALUES('BUS105',13,'20-10-2024 20:10:00');
INSERT INTO cronograma_buses(codigo_bus, id_estacion_bus, hora_salida) VALUES('BUS105',21,'20-10-2024 20:10:00');
INSERT INTO cronograma_buses(codigo_bus, id_estacion_bus, hora_salida) VALUES('BUS106',2,'20-10-2024 20:10:00');
INSERT INTO cronograma_buses(codigo_bus, id_estacion_bus, hora_salida) VALUES('BUS106',5,'20-10-2024 20:10:00');
INSERT INTO cronograma_buses(codigo_bus, id_estacion_bus, hora_salida) VALUES('BUS106',13,'20-10-2024 20:10:00');
INSERT INTO cronograma_buses(codigo_bus, id_estacion_bus, hora_salida) VALUES('BUS106',21,'20-10-2024 20:10:00');
INSERT INTO cronograma_buses(codigo_bus, id_estacion_bus, hora_salida) VALUES('BUS107',2,'20-10-2024 20:10:00');
INSERT INTO cronograma_buses(codigo_bus, id_estacion_bus, hora_salida) VALUES('BUS107',5,'20-10-2024 20:10:00');
INSERT INTO cronograma_buses(codigo_bus, id_estacion_bus, hora_salida) VALUES('BUS107',13,'20-10-2024 20:10:00');
INSERT INTO cronograma_buses(codigo_bus, id_estacion_bus, hora_salida) VALUES('BUS107',21,'20-10-2024 20:10:00');
INSERT INTO cronograma_buses(codigo_bus, id_estacion_bus, hora_salida) VALUES('BUS108',2,'20-10-2024 20:10:00');
INSERT INTO cronograma_buses(codigo_bus, id_estacion_bus, hora_salida) VALUES('BUS108',5,'20-10-2024 20:10:00');
INSERT INTO cronograma_buses(codigo_bus, id_estacion_bus, hora_salida) VALUES('BUS108',13,'20-10-2024 20:10:00');
INSERT INTO cronograma_buses(codigo_bus, id_estacion_bus, hora_salida) VALUES('BUS108',21,'20-10-2024 20:10:00');
INSERT INTO cronograma_buses(codigo_bus, id_estacion_bus, hora_salida) VALUES('BUS109',2,'20-10-2024 20:10:00');
INSERT INTO cronograma_buses(codigo_bus, id_estacion_bus, hora_salida) VALUES('BUS109',5,'20-10-2024 20:10:00');
INSERT INTO cronograma_buses(codigo_bus, id_estacion_bus, hora_salida) VALUES('BUS109',13,'20-10-2024 20:10:00');
INSERT INTO cronograma_buses(codigo_bus, id_estacion_bus, hora_salida) VALUES('BUS109',21,'20-10-2024 20:10:00');
INSERT INTO cronograma_buses(codigo_bus, id_estacion_bus, hora_salida) VALUES('BUS110',2,'20-10-2024 20:10:00');
INSERT INTO cronograma_buses(codigo_bus, id_estacion_bus, hora_salida) VALUES('BUS110',5,'20-10-2024 20:10:00');
INSERT INTO cronograma_buses(codigo_bus, id_estacion_bus, hora_salida) VALUES('BUS110',13,'20-10-2024 20:10:00');
INSERT INTO cronograma_buses(codigo_bus, id_estacion_bus, hora_salida) VALUES('BUS110',21,'20-10-2024 20:10:00');
INSERT INTO cronograma_buses(codigo_bus, id_estacion_bus, hora_salida) VALUES('BUS111',6,'20-10-2024 20:10:00');
INSERT INTO cronograma_buses(codigo_bus, id_estacion_bus, hora_salida) VALUES('BUS111',20,'20-10-2024 20:10:00');
INSERT INTO cronograma_buses(codigo_bus, id_estacion_bus, hora_salida) VALUES('BUS112',6,'20-10-2024 20:10:00');
INSERT INTO cronograma_buses(codigo_bus, id_estacion_bus, hora_salida) VALUES('BUS112',20,'20-10-2024 20:10:00');
INSERT INTO cronograma_buses(codigo_bus, id_estacion_bus, hora_salida) VALUES('BUS113',6,'20-10-2024 20:10:00');
INSERT INTO cronograma_buses(codigo_bus, id_estacion_bus, hora_salida) VALUES('BUS113',20,'20-10-2024 20:10:00');
INSERT INTO cronograma_buses(codigo_bus, id_estacion_bus, hora_salida) VALUES('BUS114',6,'20-10-2024 20:10:00');
INSERT INTO cronograma_buses(codigo_bus, id_estacion_bus, hora_salida) VALUES('BUS114',20,'20-10-2024 20:10:00');
INSERT INTO cronograma_buses(codigo_bus, id_estacion_bus, hora_salida) VALUES('BUS115',6,'20-10-2024 20:10:00');
INSERT INTO cronograma_buses(codigo_bus, id_estacion_bus, hora_salida) VALUES('BUS115',20,'20-10-2024 20:10:00');
INSERT INTO cronograma_buses(codigo_bus, id_estacion_bus, hora_salida) VALUES('BUS116',6,'20-10-2024 20:10:00');
INSERT INTO cronograma_buses(codigo_bus, id_estacion_bus, hora_salida) VALUES('BUS116',20,'20-10-2024 20:10:00');
INSERT INTO cronograma_buses(codigo_bus, id_estacion_bus, hora_salida) VALUES('BUS117',6,'20-10-2024 20:10:00');
INSERT INTO cronograma_buses(codigo_bus, id_estacion_bus, hora_salida) VALUES('BUS117',20,'20-10-2024 20:10:00');
INSERT INTO cronograma_buses(codigo_bus, id_estacion_bus, hora_salida) VALUES('BUS118',6,'20-10-2024 20:10:00');
INSERT INTO cronograma_buses(codigo_bus, id_estacion_bus, hora_salida) VALUES('BUS118',20,'20-10-2024 20:10:00');
INSERT INTO cronograma_buses(codigo_bus, id_estacion_bus, hora_salida) VALUES('BUS119',6,'20-10-2024 20:10:00');
INSERT INTO cronograma_buses(codigo_bus, id_estacion_bus, hora_salida) VALUES('BUS119',20,'20-10-2024 20:10:00');
INSERT INTO cronograma_buses(codigo_bus, id_estacion_bus, hora_salida) VALUES('BUS120',6,'20-10-2024 20:10:00');
INSERT INTO cronograma_buses(codigo_bus, id_estacion_bus, hora_salida) VALUES('BUS120',20,'20-10-2024 20:10:00');
INSERT INTO cronograma_buses(codigo_bus, id_estacion_bus, hora_salida) VALUES('BUS121',6,'20-10-2024 20:10:00');
INSERT INTO cronograma_buses(codigo_bus, id_estacion_bus, hora_salida) VALUES('BUS121',20,'20-10-2024 20:10:00');
INSERT INTO cronograma_buses(codigo_bus, id_estacion_bus, hora_salida) VALUES('BUS122',6,'20-10-2024 20:10:00');
INSERT INTO cronograma_buses(codigo_bus, id_estacion_bus, hora_salida) VALUES('BUS122',20,'20-10-2024 20:10:00');
INSERT INTO cronograma_buses(codigo_bus, id_estacion_bus, hora_salida) VALUES('BUS123',6,'20-10-2024 20:10:00');
INSERT INTO cronograma_buses(codigo_bus, id_estacion_bus, hora_salida) VALUES('BUS123',20,'20-10-2024 20:10:00');
INSERT INTO cronograma_buses(codigo_bus, id_estacion_bus, hora_salida) VALUES('BUS124',6,'20-10-2024 20:10:00');
INSERT INTO cronograma_buses(codigo_bus, id_estacion_bus, hora_salida) VALUES('BUS124',20,'20-10-2024 20:10:00');
INSERT INTO cronograma_buses(codigo_bus, id_estacion_bus, hora_salida) VALUES('BUS125',6,'20-10-2024 20:10:00');
INSERT INTO cronograma_buses(codigo_bus, id_estacion_bus, hora_salida) VALUES('BUS125',20,'20-10-2024 20:10:00');
INSERT INTO cronograma_buses(codigo_bus, id_estacion_bus, hora_salida) VALUES('BUS126',6,'20-10-2024 20:10:00');
INSERT INTO cronograma_buses(codigo_bus, id_estacion_bus, hora_salida) VALUES('BUS126',20,'20-10-2024 20:10:00');
INSERT INTO cronograma_buses(codigo_bus, id_estacion_bus, hora_salida) VALUES('BUS127',6,'20-10-2024 20:10:00');
INSERT INTO cronograma_buses(codigo_bus, id_estacion_bus, hora_salida) VALUES('BUS127',20,'20-10-2024 20:10:00');
INSERT INTO cronograma_buses(codigo_bus, id_estacion_bus, hora_salida) VALUES('BUS128',6,'20-10-2024 20:10:00');
INSERT INTO cronograma_buses(codigo_bus, id_estacion_bus, hora_salida) VALUES('BUS128',20,'20-10-2024 20:10:00');
INSERT INTO cronograma_buses(codigo_bus, id_estacion_bus, hora_salida) VALUES('BUS03',2,'20-10-2024 20:50:00');
INSERT INTO cronograma_buses(codigo_bus, id_estacion_bus, hora_salida) VALUES('BUS03',5,'20-10-2024 20:50:00');
INSERT INTO cronograma_buses(codigo_bus, id_estacion_bus, hora_salida) VALUES('BUS03',13,'20-10-2024 20:50:00');
INSERT INTO cronograma_buses(codigo_bus, id_estacion_bus, hora_salida) VALUES('BUS03',21,'20-10-2024 20:50:00');
INSERT INTO cronograma_buses(codigo_bus, id_estacion_bus, hora_salida) VALUES('BUS04',2,'20-10-2024 20:50:00');
INSERT INTO cronograma_buses(codigo_bus, id_estacion_bus, hora_salida) VALUES('BUS04',5,'20-10-2024 20:50:00');
INSERT INTO cronograma_buses(codigo_bus, id_estacion_bus, hora_salida) VALUES('BUS04',13,'20-10-2024 20:50:00');
INSERT INTO cronograma_buses(codigo_bus, id_estacion_bus, hora_salida) VALUES('BUS04',21,'20-10-2024 20:50:00');
INSERT INTO cronograma_buses(codigo_bus, id_estacion_bus, hora_salida) VALUES('BUS05',2,'20-10-2024 20:50:00');
INSERT INTO cronograma_buses(codigo_bus, id_estacion_bus, hora_salida) VALUES('BUS05',5,'20-10-2024 20:50:00');
INSERT INTO cronograma_buses(codigo_bus, id_estacion_bus, hora_salida) VALUES('BUS05',13,'20-10-2024 20:50:00');
INSERT INTO cronograma_buses(codigo_bus, id_estacion_bus, hora_salida) VALUES('BUS05',21,'20-10-2024 20:50:00');
INSERT INTO cronograma_buses(codigo_bus, id_estacion_bus, hora_salida) VALUES('BUS06',2,'20-10-2024 20:50:00');
INSERT INTO cronograma_buses(codigo_bus, id_estacion_bus, hora_salida) VALUES('BUS06',5,'20-10-2024 20:50:00');
INSERT INTO cronograma_buses(codigo_bus, id_estacion_bus, hora_salida) VALUES('BUS06',13,'20-10-2024 20:50:00');
INSERT INTO cronograma_buses(codigo_bus, id_estacion_bus, hora_salida) VALUES('BUS06',21,'20-10-2024 20:50:00');
INSERT INTO cronograma_buses(codigo_bus, id_estacion_bus, hora_salida) VALUES('BUS07',2,'20-10-2024 20:50:00');
INSERT INTO cronograma_buses(codigo_bus, id_estacion_bus, hora_salida) VALUES('BUS07',5,'20-10-2024 20:50:00');
INSERT INTO cronograma_buses(codigo_bus, id_estacion_bus, hora_salida) VALUES('BUS07',13,'20-10-2024 20:50:00');
INSERT INTO cronograma_buses(codigo_bus, id_estacion_bus, hora_salida) VALUES('BUS07',21,'20-10-2024 20:50:00');
INSERT INTO cronograma_buses(codigo_bus, id_estacion_bus, hora_salida) VALUES('BUS08',2,'20-10-2024 20:50:00');
INSERT INTO cronograma_buses(codigo_bus, id_estacion_bus, hora_salida) VALUES('BUS08',5,'20-10-2024 20:50:00');
INSERT INTO cronograma_buses(codigo_bus, id_estacion_bus, hora_salida) VALUES('BUS08',13,'20-10-2024 20:50:00');
INSERT INTO cronograma_buses(codigo_bus, id_estacion_bus, hora_salida) VALUES('BUS08',21,'20-10-2024 20:50:00');
INSERT INTO cronograma_buses(codigo_bus, id_estacion_bus, hora_salida) VALUES('BUS09',2,'20-10-2024 20:50:00');
INSERT INTO cronograma_buses(codigo_bus, id_estacion_bus, hora_salida) VALUES('BUS09',5,'20-10-2024 20:50:00');
INSERT INTO cronograma_buses(codigo_bus, id_estacion_bus, hora_salida) VALUES('BUS09',13,'20-10-2024 20:50:00');
INSERT INTO cronograma_buses(codigo_bus, id_estacion_bus, hora_salida) VALUES('BUS09',21,'20-10-2024 20:50:00');
INSERT INTO cronograma_buses(codigo_bus, id_estacion_bus, hora_salida) VALUES('BUS10',2,'20-10-2024 20:50:00');
INSERT INTO cronograma_buses(codigo_bus, id_estacion_bus, hora_salida) VALUES('BUS10',5,'20-10-2024 20:50:00');
INSERT INTO cronograma_buses(codigo_bus, id_estacion_bus, hora_salida) VALUES('BUS10',13,'20-10-2024 20:50:00');
INSERT INTO cronograma_buses(codigo_bus, id_estacion_bus, hora_salida) VALUES('BUS10',21,'20-10-2024 20:50:00');
INSERT INTO cronograma_buses(codigo_bus, id_estacion_bus, hora_salida) VALUES('BUS11',6,'20-10-2024 20:50:00');
INSERT INTO cronograma_buses(codigo_bus, id_estacion_bus, hora_salida) VALUES('BUS11',20,'20-10-2024 20:50:00');
INSERT INTO cronograma_buses(codigo_bus, id_estacion_bus, hora_salida) VALUES('BUS12',6,'20-10-2024 20:50:00');
INSERT INTO cronograma_buses(codigo_bus, id_estacion_bus, hora_salida) VALUES('BUS12',20,'20-10-2024 20:50:00');
INSERT INTO cronograma_buses(codigo_bus, id_estacion_bus, hora_salida) VALUES('BUS13',6,'20-10-2024 20:50:00');
INSERT INTO cronograma_buses(codigo_bus, id_estacion_bus, hora_salida) VALUES('BUS13',20,'20-10-2024 20:50:00');
INSERT INTO cronograma_buses(codigo_bus, id_estacion_bus, hora_salida) VALUES('BUS14',6,'20-10-2024 20:50:00');
INSERT INTO cronograma_buses(codigo_bus, id_estacion_bus, hora_salida) VALUES('BUS14',20,'20-10-2024 20:50:00');
INSERT INTO cronograma_buses(codigo_bus, id_estacion_bus, hora_salida) VALUES('BUS15',6,'20-10-2024 20:50:00');
INSERT INTO cronograma_buses(codigo_bus, id_estacion_bus, hora_salida) VALUES('BUS15',20,'20-10-2024 20:50:00');
INSERT INTO cronograma_buses(codigo_bus, id_estacion_bus, hora_salida) VALUES('BUS16',6,'20-10-2024 20:50:00');
INSERT INTO cronograma_buses(codigo_bus, id_estacion_bus, hora_salida) VALUES('BUS16',20,'20-10-2024 20:50:00');
INSERT INTO cronograma_buses(codigo_bus, id_estacion_bus, hora_salida) VALUES('BUS17',6,'20-10-2024 20:50:00');
INSERT INTO cronograma_buses(codigo_bus, id_estacion_bus, hora_salida) VALUES('BUS17',20,'20-10-2024 20:50:00');
INSERT INTO cronograma_buses(codigo_bus, id_estacion_bus, hora_salida) VALUES('BUS18',6,'20-10-2024 20:50:00');
INSERT INTO cronograma_buses(codigo_bus, id_estacion_bus, hora_salida) VALUES('BUS18',20,'20-10-2024 20:50:00');
INSERT INTO cronograma_buses(codigo_bus, id_estacion_bus, hora_salida) VALUES('BUS19',6,'20-10-2024 20:50:00');
INSERT INTO cronograma_buses(codigo_bus, id_estacion_bus, hora_salida) VALUES('BUS19',20,'20-10-2024 20:50:00');
INSERT INTO cronograma_buses(codigo_bus, id_estacion_bus, hora_salida) VALUES('BUS20',6,'20-10-2024 20:50:00');
INSERT INTO cronograma_buses(codigo_bus, id_estacion_bus, hora_salida) VALUES('BUS20',20,'20-10-2024 20:50:00');
INSERT INTO cronograma_buses(codigo_bus, id_estacion_bus, hora_salida) VALUES('BUS21',6,'20-10-2024 20:50:00');
INSERT INTO cronograma_buses(codigo_bus, id_estacion_bus, hora_salida) VALUES('BUS21',20,'20-10-2024 20:50:00');
INSERT INTO cronograma_buses(codigo_bus, id_estacion_bus, hora_salida) VALUES('BUS22',6,'20-10-2024 20:50:00');
INSERT INTO cronograma_buses(codigo_bus, id_estacion_bus, hora_salida) VALUES('BUS22',20,'20-10-2024 20:50:00');
INSERT INTO cronograma_buses(codigo_bus, id_estacion_bus, hora_salida) VALUES('BUS23',6,'20-10-2024 20:50:00');
INSERT INTO cronograma_buses(codigo_bus, id_estacion_bus, hora_salida) VALUES('BUS23',20,'20-10-2024 20:50:00');
INSERT INTO cronograma_buses(codigo_bus, id_estacion_bus, hora_salida) VALUES('BUS24',6,'20-10-2024 20:50:00');
INSERT INTO cronograma_buses(codigo_bus, id_estacion_bus, hora_salida) VALUES('BUS24',20,'20-10-2024 20:50:00');
INSERT INTO cronograma_buses(codigo_bus, id_estacion_bus, hora_salida) VALUES('BUS25',6,'20-10-2024 20:50:00');
INSERT INTO cronograma_buses(codigo_bus, id_estacion_bus, hora_salida) VALUES('BUS25',20,'20-10-2024 20:50:00');
INSERT INTO cronograma_buses(codigo_bus, id_estacion_bus, hora_salida) VALUES('BUS26',6,'20-10-2024 20:50:00');
INSERT INTO cronograma_buses(codigo_bus, id_estacion_bus, hora_salida) VALUES('BUS26',20,'20-10-2024 20:50:00');
INSERT INTO cronograma_buses(codigo_bus, id_estacion_bus, hora_salida) VALUES('BUS129',2,'20-10-2024 20:30:00');
INSERT INTO cronograma_buses(codigo_bus, id_estacion_bus, hora_salida) VALUES('BUS129',5,'20-10-2024 20:30:00');
INSERT INTO cronograma_buses(codigo_bus, id_estacion_bus, hora_salida) VALUES('BUS129',13,'20-10-2024 20:30:00');
INSERT INTO cronograma_buses(codigo_bus, id_estacion_bus, hora_salida) VALUES('BUS129',21,'20-10-2024 20:30:00');
INSERT INTO cronograma_buses(codigo_bus, id_estacion_bus, hora_salida) VALUES('BUS130',2,'20-10-2024 20:30:00');
INSERT INTO cronograma_buses(codigo_bus, id_estacion_bus, hora_salida) VALUES('BUS130',5,'20-10-2024 20:30:00');
INSERT INTO cronograma_buses(codigo_bus, id_estacion_bus, hora_salida) VALUES('BUS130',13,'20-10-2024 20:30:00');
INSERT INTO cronograma_buses(codigo_bus, id_estacion_bus, hora_salida) VALUES('BUS130',21,'20-10-2024 20:30:00');
INSERT INTO cronograma_buses(codigo_bus, id_estacion_bus, hora_salida) VALUES('BUS131',2,'20-10-2024 20:30:00');
INSERT INTO cronograma_buses(codigo_bus, id_estacion_bus, hora_salida) VALUES('BUS131',5,'20-10-2024 20:30:00');
INSERT INTO cronograma_buses(codigo_bus, id_estacion_bus, hora_salida) VALUES('BUS131',13,'20-10-2024 20:30:00');
INSERT INTO cronograma_buses(codigo_bus, id_estacion_bus, hora_salida) VALUES('BUS131',21,'20-10-2024 20:30:00');
INSERT INTO cronograma_buses(codigo_bus, id_estacion_bus, hora_salida) VALUES('BUS132',2,'20-10-2024 20:30:00');
INSERT INTO cronograma_buses(codigo_bus, id_estacion_bus, hora_salida) VALUES('BUS132',5,'20-10-2024 20:30:00');
INSERT INTO cronograma_buses(codigo_bus, id_estacion_bus, hora_salida) VALUES('BUS132',13,'20-10-2024 20:30:00');
INSERT INTO cronograma_buses(codigo_bus, id_estacion_bus, hora_salida) VALUES('BUS132',21,'20-10-2024 20:30:00');
INSERT INTO cronograma_buses(codigo_bus, id_estacion_bus, hora_salida) VALUES('BUS133',2,'20-10-2024 20:30:00');
INSERT INTO cronograma_buses(codigo_bus, id_estacion_bus, hora_salida) VALUES('BUS133',5,'20-10-2024 20:30:00');
INSERT INTO cronograma_buses(codigo_bus, id_estacion_bus, hora_salida) VALUES('BUS133',13,'20-10-2024 20:30:00');
INSERT INTO cronograma_buses(codigo_bus, id_estacion_bus, hora_salida) VALUES('BUS133',21,'20-10-2024 20:30:00');
INSERT INTO cronograma_buses(codigo_bus, id_estacion_bus, hora_salida) VALUES('BUS134',2,'20-10-2024 20:30:00');
INSERT INTO cronograma_buses(codigo_bus, id_estacion_bus, hora_salida) VALUES('BUS134',5,'20-10-2024 20:30:00');
INSERT INTO cronograma_buses(codigo_bus, id_estacion_bus, hora_salida) VALUES('BUS134',13,'20-10-2024 20:30:00');
INSERT INTO cronograma_buses(codigo_bus, id_estacion_bus, hora_salida) VALUES('BUS134',21,'20-10-2024 20:30:00');
INSERT INTO cronograma_buses(codigo_bus, id_estacion_bus, hora_salida) VALUES('BUS135',2,'20-10-2024 20:30:00');
INSERT INTO cronograma_buses(codigo_bus, id_estacion_bus, hora_salida) VALUES('BUS135',5,'20-10-2024 20:30:00');
INSERT INTO cronograma_buses(codigo_bus, id_estacion_bus, hora_salida) VALUES('BUS135',13,'20-10-2024 20:30:00');
INSERT INTO cronograma_buses(codigo_bus, id_estacion_bus, hora_salida) VALUES('BUS135',21,'20-10-2024 20:30:00');
INSERT INTO cronograma_buses(codigo_bus, id_estacion_bus, hora_salida) VALUES('BUS136',2,'20-10-2024 20:30:00');
INSERT INTO cronograma_buses(codigo_bus, id_estacion_bus, hora_salida) VALUES('BUS136',5,'20-10-2024 20:30:00');
INSERT INTO cronograma_buses(codigo_bus, id_estacion_bus, hora_salida) VALUES('BUS136',13,'20-10-2024 20:30:00');
INSERT INTO cronograma_buses(codigo_bus, id_estacion_bus, hora_salida) VALUES('BUS136',21,'20-10-2024 20:30:00');
INSERT INTO cronograma_buses(codigo_bus, id_estacion_bus, hora_salida) VALUES('BUS137',2,'20-10-2024 20:30:00');
INSERT INTO cronograma_buses(codigo_bus, id_estacion_bus, hora_salida) VALUES('BUS137',5,'20-10-2024 20:30:00');
INSERT INTO cronograma_buses(codigo_bus, id_estacion_bus, hora_salida) VALUES('BUS137',13,'20-10-2024 20:30:00');
INSERT INTO cronograma_buses(codigo_bus, id_estacion_bus, hora_salida) VALUES('BUS137',21,'20-10-2024 20:30:00');
INSERT INTO cronograma_buses(codigo_bus, id_estacion_bus, hora_salida) VALUES('BUS138',6,'20-10-2024 20:30:00');
INSERT INTO cronograma_buses(codigo_bus, id_estacion_bus, hora_salida) VALUES('BUS138',20,'20-10-2024 20:30:00');
INSERT INTO cronograma_buses(codigo_bus, id_estacion_bus, hora_salida) VALUES('BUS139',6,'20-10-2024 20:30:00');
INSERT INTO cronograma_buses(codigo_bus, id_estacion_bus, hora_salida) VALUES('BUS139',20,'20-10-2024 20:30:00');
INSERT INTO cronograma_buses(codigo_bus, id_estacion_bus, hora_salida) VALUES('BUS140',6,'20-10-2024 20:30:00');
INSERT INTO cronograma_buses(codigo_bus, id_estacion_bus, hora_salida) VALUES('BUS140',20,'20-10-2024 20:30:00');
INSERT INTO cronograma_buses(codigo_bus, id_estacion_bus, hora_salida) VALUES('BUS141',6,'20-10-2024 20:30:00');
INSERT INTO cronograma_buses(codigo_bus, id_estacion_bus, hora_salida) VALUES('BUS141',20,'20-10-2024 20:30:00');
INSERT INTO cronograma_buses(codigo_bus, id_estacion_bus, hora_salida) VALUES('BUS142',6,'20-10-2024 20:30:00');
INSERT INTO cronograma_buses(codigo_bus, id_estacion_bus, hora_salida) VALUES('BUS142',20,'20-10-2024 20:30:00');
INSERT INTO cronograma_buses(codigo_bus, id_estacion_bus, hora_salida) VALUES('BUS143',6,'20-10-2024 20:30:00');
INSERT INTO cronograma_buses(codigo_bus, id_estacion_bus, hora_salida) VALUES('BUS143',20,'20-10-2024 20:30:00');
INSERT INTO cronograma_buses(codigo_bus, id_estacion_bus, hora_salida) VALUES('BUS144',6,'20-10-2024 20:30:00');
INSERT INTO cronograma_buses(codigo_bus, id_estacion_bus, hora_salida) VALUES('BUS144',20,'20-10-2024 20:30:00');
INSERT INTO cronograma_buses(codigo_bus, id_estacion_bus, hora_salida) VALUES('BUS145',6,'20-10-2024 20:30:00');
INSERT INTO cronograma_buses(codigo_bus, id_estacion_bus, hora_salida) VALUES('BUS145',20,'20-10-2024 20:30:00');
INSERT INTO cronograma_buses(codigo_bus, id_estacion_bus, hora_salida) VALUES('BUS146',6,'20-10-2024 20:30:00');
INSERT INTO cronograma_buses(codigo_bus, id_estacion_bus, hora_salida) VALUES('BUS146',20,'20-10-2024 20:30:00');
INSERT INTO cronograma_buses(codigo_bus, id_estacion_bus, hora_salida) VALUES('BUS147',6,'20-10-2024 20:30:00');
INSERT INTO cronograma_buses(codigo_bus, id_estacion_bus, hora_salida) VALUES('BUS147',20,'20-10-2024 20:30:00');
INSERT INTO cronograma_buses(codigo_bus, id_estacion_bus, hora_salida) VALUES('BUS148',6,'20-10-2024 20:30:00');
INSERT INTO cronograma_buses(codigo_bus, id_estacion_bus, hora_salida) VALUES('BUS148',20,'20-10-2024 20:30:00');
INSERT INTO cronograma_buses(codigo_bus, id_estacion_bus, hora_salida) VALUES('BUS149',6,'20-10-2024 20:30:00');
INSERT INTO cronograma_buses(codigo_bus, id_estacion_bus, hora_salida) VALUES('BUS149',20,'20-10-2024 20:30:00');
INSERT INTO cronograma_buses(codigo_bus, id_estacion_bus, hora_salida) VALUES('BUS150',6,'20-10-2024 20:30:00');
INSERT INTO cronograma_buses(codigo_bus, id_estacion_bus, hora_salida) VALUES('BUS150',20,'20-10-2024 20:30:00');
INSERT INTO cronograma_buses(codigo_bus, id_estacion_bus, hora_salida) VALUES('BUS151',6,'20-10-2024 20:30:00');
INSERT INTO cronograma_buses(codigo_bus, id_estacion_bus, hora_salida) VALUES('BUS151',20,'20-10-2024 20:30:00');
INSERT INTO cronograma_buses(codigo_bus, id_estacion_bus, hora_salida) VALUES('BUS152',6,'20-10-2024 20:30:00');
INSERT INTO cronograma_buses(codigo_bus, id_estacion_bus, hora_salida) VALUES('BUS152',20,'20-10-2024 20:30:00');
INSERT INTO cronograma_buses(codigo_bus, id_estacion_bus, hora_salida) VALUES('BUS01',2,'20-10-2024 20:50:00');
INSERT INTO cronograma_buses(codigo_bus, id_estacion_bus, hora_salida) VALUES('BUS01',5,'20-10-2024 20:50:00');
INSERT INTO cronograma_buses(codigo_bus, id_estacion_bus, hora_salida) VALUES('BUS01',13,'20-10-2024 20:50:00');
INSERT INTO cronograma_buses(codigo_bus, id_estacion_bus, hora_salida) VALUES('BUS01',21,'20-10-2024 20:50:00');
INSERT INTO cronograma_buses(codigo_bus, id_estacion_bus, hora_salida) VALUES('BUS02',2,'20-10-2024 20:50:00');
INSERT INTO cronograma_buses(codigo_bus, id_estacion_bus, hora_salida) VALUES('BUS02',5,'20-10-2024 20:50:00');
INSERT INTO cronograma_buses(codigo_bus, id_estacion_bus, hora_salida) VALUES('BUS02',13,'20-10-2024 20:50:00');
INSERT INTO cronograma_buses(codigo_bus, id_estacion_bus, hora_salida) VALUES('BUS02',21,'20-10-2024 20:50:00');




